"OTU_ID","plant","slope","se","slope_lwr95","slope_upr95","z","p","q_BH","Genus","guild_group","separation"
"OTU1","Betula",-15.978,6.961,-29.621,-2.334,-2.295,0.0217,0.103,"Thelebolus","coprophilous",FALSE
"OTU2","Betula",5.458,2.183,1.179,9.737,2.5,0.0124,0.07,"Myriangiales_gen_Incertae_sedis","other/unassigned",FALSE
"OTU9","Betula",-2.349,4.754,-11.667,6.969,-0.494,0.621,0.802,"Cladosporium","plant_associated",FALSE
"OTU21","Betula",-14.952,8.993,-32.579,2.675,-1.663,0.0964,NA,"Venturia","plant_associated",TRUE
"OTU32","Betula",-2.676,4.646,-11.783,6.431,-0.576,0.565,0.781,"Phenoliferia","other/unassigned",FALSE
"OTU45","Betula",6.388,4.623,-2.674,15.45,1.382,0.167,0.363,"Coleophoma","plant_associated",FALSE
"OTU92","Betula",-10.437,7.995,-26.106,5.232,-1.306,0.192,0.396,NA,"coprophilous",FALSE
"OTU97","Betula",3.027,3.561,-3.953,10.006,0.85,0.395,0.637,NA,"other/unassigned",FALSE
"OTU136","Betula",-8.091,5.731,-19.324,3.141,-1.412,0.158,0.35,"Candida","plant_associated",FALSE
"OTU175","Betula",0.118,2.025,-3.851,4.087,0.058,0.954,0.985,"Mrakiaceae_gen_Incertae_sedis","other/unassigned",FALSE
"OTU176","Betula",2.522,2.835,-3.036,8.079,0.889,0.374,0.614,"Dothiora","other/unassigned",FALSE
"OTU192","Betula",243.917,338.326,-419.203,907.037,0.721,0.471,NA,"Kabatiella","plant_associated",TRUE
"OTU252","Betula",14.123,7.931,-1.422,29.668,1.781,0.075,0.216,NA,"plant_associated",FALSE
"OTU258","Betula",-329.065,0.848,-330.727,-327.403,-388.089,0,NA,NA,"other/unassigned",TRUE
"OTU320","Betula",-13.985,3.686,-21.209,-6.761,-3.794,0.000148,0.00612,NA,"other/unassigned",FALSE
"OTU340","Betula",-5.728,3.376,-12.346,0.889,-1.697,0.0898,0.237,"Cladosporium","plant_associated",FALSE
"OTU381","Betula",9.307,5.548,-1.568,20.181,1.677,0.0935,0.241,NA,"other/unassigned",FALSE
"OTU483","Betula",2.51,2.445,-2.283,7.303,1.027,0.305,0.547,NA,"plant_associated",FALSE
"OTU554","Betula",-20.072,7.828,-35.416,-4.729,-2.564,0.0103,0.0611,"Exobasidium","plant_associated",FALSE
"OTU594","Betula",10.683,39.721,-67.17,88.536,0.269,0.788,NA,"Taphrina","plant_associated",TRUE
"OTU628","Betula",-2.301,5.966,-13.995,9.392,-0.386,0.7,0.851,"Frutidella","other/unassigned",FALSE
"OTU636","Betula",-5.201,2.573,-10.245,-0.157,-2.021,0.0433,0.149,"Sporormiella","coprophilous",FALSE
"OTU637","Betula",6.82,3.454,0.05,13.589,1.974,0.0483,0.158,NA,"other/unassigned",FALSE
"OTU651","Betula",0.884,8.949,-16.656,18.423,0.099,0.921,NA,NA,"other/unassigned",TRUE
"OTU691","Betula",9.301,11.837,-13.899,32.501,0.786,0.432,0.653,NA,"other/unassigned",FALSE
"OTU715","Betula",491.077,11.371,468.791,513.363,43.189,0,NA,NA,"other/unassigned",TRUE
"OTU733","Betula",7.83,13.107,-17.86,33.52,0.597,0.55,NA,"Psilolechiaceae_gen_Incertae_sedis","other/unassigned",TRUE
"OTU758","Betula",-9.068,6.356,-21.527,3.39,-1.427,0.154,0.346,"Meristemomyces","plant_associated",FALSE
"OTU788","Betula",10.8,13.434,-15.532,37.131,0.804,0.421,0.645,NA,"other/unassigned",FALSE
"OTU827","Betula",-17.201,8.453,-33.769,-0.633,-2.035,0.0419,0.149,NA,"other/unassigned",FALSE
"OTU911","Betula",202.864,57.521,90.123,315.605,3.527,0.000421,NA,NA,"other/unassigned",TRUE
"OTU1183","Betula",-0.487,2.246,-4.89,3.915,-0.217,0.828,0.933,"Phenoliferia","other/unassigned",FALSE
"OTU1225","Betula",-7.669,2.65,-12.863,-2.474,-2.894,0.00381,0.0394,"Coniochaeta","coprophilous",FALSE
"OTU1226","Betula",-19.045,15.601,-49.623,11.533,-1.221,0.222,NA,"Phenoliferia","other/unassigned",TRUE
"OTU1242","Betula",13.182,11.191,-8.753,35.117,1.178,0.239,0.456,"Spirographa","other/unassigned",FALSE
"OTU1271","Betula",41.221,15.077,11.669,70.772,2.734,0.00626,NA,"Aureobasidium","plant_associated",TRUE
"OTU1279","Betula",27.917,16.764,-4.94,60.775,1.665,0.0959,NA,NA,"other/unassigned",TRUE
"OTU1283","Betula",1179.114,1.19,1176.782,1181.446,991.167,0,NA,NA,"other/unassigned",TRUE
"OTU1289","Betula",7.284,22.559,-36.932,51.5,0.323,0.747,NA,"Dothideales_gen_Incertae_sedis","other/unassigned",TRUE
"OTU1305","Betula",-6.66,2.485,-11.532,-1.789,-2.68,0.00737,0.0534,NA,"coprophilous",FALSE
"OTU1320","Betula",-0.368,3.374,-6.982,6.245,-0.109,0.913,0.968,NA,"coprophilous",FALSE
"OTU1340","Betula",1151.014,1.386,1148.297,1153.732,830.169,0,NA,NA,"other/unassigned",TRUE
"OTU1365","Betula",24.013,18.87,-12.972,60.998,1.273,0.203,NA,"Perusta","other/unassigned",TRUE
"OTU1369","Betula",3.837,2.045,-0.171,7.844,1.877,0.0606,0.188,NA,"other/unassigned",FALSE
"OTU1370","Betula",27.452,15.063,-2.072,56.976,1.822,0.0684,0.202,NA,"other/unassigned",FALSE
"OTU1427","Betula",-0.331,1.764,-3.789,3.126,-0.188,0.851,0.938,NA,"other/unassigned",FALSE
"OTU1","Vaccinium myrtillus",-19.38,8.826,-36.679,-2.08,-2.196,0.0281,0.123,"Thelebolus","coprophilous",FALSE
"OTU2","Vaccinium myrtillus",-0.052,2.69,-5.325,5.221,-0.019,0.985,0.986,"Myriangiales_gen_Incertae_sedis","other/unassigned",FALSE
"OTU9","Vaccinium myrtillus",-7.216,5.692,-18.372,3.941,-1.268,0.205,0.41,"Cladosporium","plant_associated",FALSE
"OTU21","Vaccinium myrtillus",-11.104,9.369,-29.468,7.26,-1.185,0.236,NA,"Venturia","plant_associated",TRUE
"OTU32","Vaccinium myrtillus",-0.775,4.437,-9.472,7.922,-0.175,0.861,0.938,"Phenoliferia","other/unassigned",FALSE
"OTU45","Vaccinium myrtillus",7.791,7.865,-7.625,23.206,0.991,0.322,0.56,"Coleophoma","plant_associated",FALSE
"OTU92","Vaccinium myrtillus",-11.188,8.397,-27.646,5.27,-1.332,0.183,0.391,NA,"coprophilous",FALSE
"OTU97","Vaccinium myrtillus",19.529,9.587,0.738,38.32,2.037,0.0417,0.149,NA,"other/unassigned",FALSE
"OTU136","Vaccinium myrtillus",-1.175,4.134,-9.277,6.928,-0.284,0.776,0.891,"Candida","plant_associated",FALSE
"OTU175","Vaccinium myrtillus",2.884,2.509,-2.034,7.802,1.149,0.25,0.464,"Mrakiaceae_gen_Incertae_sedis","other/unassigned",FALSE
"OTU176","Vaccinium myrtillus",0.063,2.58,-4.994,5.119,0.024,0.981,0.986,"Dothiora","other/unassigned",FALSE
"OTU192","Vaccinium myrtillus",-432.18,594.599,-1597.595,733.234,-0.727,0.467,NA,"Kabatiella","plant_associated",TRUE
"OTU252","Vaccinium myrtillus",3.483,3.26,-2.907,9.873,1.068,0.285,0.52,NA,"plant_associated",FALSE
"OTU258","Vaccinium myrtillus",-435.978,1.243,-438.415,-433.541,-350.662,0,NA,NA,"other/unassigned",TRUE
"OTU320","Vaccinium myrtillus",-16.838,5.113,-26.86,-6.817,-3.293,0.000991,0.0175,NA,"other/unassigned",FALSE
"OTU340","Vaccinium myrtillus",-8.397,3.479,-15.217,-1.578,-2.413,0.0158,0.0841,"Cladosporium","plant_associated",FALSE
"OTU381","Vaccinium myrtillus",0.655,8.428,-15.865,17.174,0.078,0.938,0.985,NA,"other/unassigned",FALSE
"OTU483","Vaccinium myrtillus",10.552,4.066,2.583,18.52,2.595,0.00945,0.0586,NA,"plant_associated",FALSE
"OTU554","Vaccinium myrtillus",-21.168,7.904,-36.66,-5.676,-2.678,0.00741,0.0534,"Exobasidium","plant_associated",FALSE
"OTU594","Vaccinium myrtillus",-25.929,57.644,-138.911,87.052,-0.45,0.653,NA,"Taphrina","plant_associated",TRUE
"OTU628","Vaccinium myrtillus",-3.572,4.259,-11.921,4.776,-0.839,0.402,0.637,"Frutidella","other/unassigned",FALSE
"OTU636","Vaccinium myrtillus",-1.168,2.599,-6.263,3.926,-0.449,0.653,0.818,"Sporormiella","coprophilous",FALSE
"OTU637","Vaccinium myrtillus",0.741,2.445,-4.051,5.533,0.303,0.762,0.891,NA,"other/unassigned",FALSE
"OTU651","Vaccinium myrtillus",-3.339,6.666,-16.405,9.727,-0.501,0.616,NA,NA,"other/unassigned",TRUE
"OTU691","Vaccinium myrtillus",1.606,9.247,-16.519,19.73,0.174,0.862,0.938,NA,"other/unassigned",FALSE
"OTU715","Vaccinium myrtillus",280.918,1.37,278.232,283.604,204.995,0,NA,NA,"other/unassigned",TRUE
"OTU733","Vaccinium myrtillus",1.901,12.742,-23.073,26.875,0.149,0.881,NA,"Psilolechiaceae_gen_Incertae_sedis","other/unassigned",TRUE
"OTU758","Vaccinium myrtillus",-5.043,5.128,-15.094,5.008,-0.983,0.325,0.56,"Meristemomyces","plant_associated",FALSE
"OTU788","Vaccinium myrtillus",6.927,13.956,-20.427,34.28,0.496,0.62,0.802,NA,"other/unassigned",FALSE
"OTU827","Vaccinium myrtillus",-28.774,12.613,-53.496,-4.052,-2.281,0.0225,0.103,NA,"other/unassigned",FALSE
"OTU911","Vaccinium myrtillus",-129.311,46.976,-221.383,-37.238,-2.753,0.00591,NA,NA,"other/unassigned",TRUE
"OTU1183","Vaccinium myrtillus",-1.073,2.04,-5.071,2.925,-0.526,0.599,0.79,"Phenoliferia","other/unassigned",FALSE
"OTU1225","Vaccinium myrtillus",-4.932,2.892,-10.6,0.736,-1.706,0.0881,0.237,"Coniochaeta","coprophilous",FALSE
"OTU1226","Vaccinium myrtillus",-18.706,19.193,-56.325,18.912,-0.975,0.33,NA,"Phenoliferia","other/unassigned",TRUE
"OTU1242","Vaccinium myrtillus",9.095,10.945,-12.356,30.547,0.831,0.406,0.637,"Spirographa","other/unassigned",FALSE
"OTU1271","Vaccinium myrtillus",25.675,10.588,4.922,46.427,2.425,0.0153,NA,"Aureobasidium","plant_associated",TRUE
"OTU1279","Vaccinium myrtillus",7.808,8.427,-8.709,24.324,0.927,0.354,NA,NA,"other/unassigned",TRUE
"OTU1283","Vaccinium myrtillus",712.695,1.004,710.726,714.663,709.612,0,NA,NA,"other/unassigned",TRUE
"OTU1289","Vaccinium myrtillus",-4.164,20.49,-44.325,35.997,-0.203,0.839,NA,"Dothideales_gen_Incertae_sedis","other/unassigned",TRUE
"OTU1305","Vaccinium myrtillus",-5.063,2.907,-10.76,0.635,-1.742,0.0816,0.23,NA,"coprophilous",FALSE
"OTU1320","Vaccinium myrtillus",-1.958,3.191,-8.212,4.295,-0.614,0.539,0.769,NA,"coprophilous",FALSE
"OTU1340","Vaccinium myrtillus",1002.127,2.346,997.529,1006.725,427.168,0,NA,NA,"other/unassigned",TRUE
"OTU1365","Vaccinium myrtillus",15.312,15.44,-14.949,45.574,0.992,0.321,NA,"Perusta","other/unassigned",TRUE
"OTU1369","Vaccinium myrtillus",-1.82,2.212,-6.156,2.516,-0.823,0.411,0.637,NA,"other/unassigned",FALSE
"OTU1370","Vaccinium myrtillus",15.572,11.834,-7.623,38.767,1.316,0.188,0.396,NA,"other/unassigned",FALSE
"OTU1427","Vaccinium myrtillus",-0.118,1.92,-3.88,3.645,-0.061,0.951,0.985,NA,"other/unassigned",FALSE
"OTU1","Vaccinium uliginosum",-1.965,2.113,-6.106,2.176,-0.93,0.352,0.59,"Thelebolus","coprophilous",FALSE
"OTU2","Vaccinium uliginosum",-2.398,1.675,-5.68,0.884,-1.432,0.152,0.346,"Myriangiales_gen_Incertae_sedis","other/unassigned",FALSE
"OTU9","Vaccinium uliginosum",-7.727,2.902,-13.414,-2.04,-2.663,0.00774,0.0534,"Cladosporium","plant_associated",FALSE
"OTU21","Vaccinium uliginosum",-0.816,2.271,-5.266,3.635,-0.359,0.719,NA,"Venturia","plant_associated",TRUE
"OTU32","Vaccinium uliginosum",-0.58,1.561,-3.64,2.479,-0.372,0.71,0.853,"Phenoliferia","other/unassigned",FALSE
"OTU45","Vaccinium uliginosum",-0.077,2.559,-5.093,4.939,-0.03,0.976,0.986,"Coleophoma","plant_associated",FALSE
"OTU92","Vaccinium uliginosum",4.09,2.002,0.166,8.014,2.043,0.0411,0.149,NA,"coprophilous",FALSE
"OTU97","Vaccinium uliginosum",-1.269,2.346,-5.867,3.329,-0.541,0.589,0.785,NA,"other/unassigned",FALSE
"OTU136","Vaccinium uliginosum",0.997,2.377,-3.662,5.655,0.419,0.675,0.837,"Candida","plant_associated",FALSE
"OTU175","Vaccinium uliginosum",-1.486,1.48,-4.386,1.414,-1.004,0.315,0.558,"Mrakiaceae_gen_Incertae_sedis","other/unassigned",FALSE
"OTU176","Vaccinium uliginosum",-5.921,2.136,-10.107,-1.735,-2.773,0.00556,0.0528,"Dothiora","other/unassigned",FALSE
"OTU192","Vaccinium uliginosum",-54.599,70.984,-193.729,84.53,-0.769,0.442,NA,"Kabatiella","plant_associated",TRUE
"OTU252","Vaccinium uliginosum",4.655,2.013,0.71,8.6,2.313,0.0207,0.103,NA,"plant_associated",FALSE
"OTU258","Vaccinium uliginosum",-136.763,1.034,-138.789,-134.738,-132.322,0,NA,NA,"other/unassigned",TRUE
"OTU320","Vaccinium uliginosum",-4.297,2.074,-8.362,-0.233,-2.072,0.0382,0.149,NA,"other/unassigned",FALSE
"OTU340","Vaccinium uliginosum",-9.552,2.58,-14.608,-4.496,-3.703,0.000213,0.00659,"Cladosporium","plant_associated",FALSE
"OTU381","Vaccinium uliginosum",5.483,11.605,-17.262,28.228,0.472,0.637,0.805,NA,"other/unassigned",FALSE
"OTU483","Vaccinium uliginosum",9.197,2.129,5.023,13.371,4.319,1.57e-05,0.000972,NA,"plant_associated",FALSE
"OTU554","Vaccinium uliginosum",-14.022,4.036,-21.933,-6.111,-3.474,0.000513,0.0106,"Exobasidium","plant_associated",FALSE
"OTU594","Vaccinium uliginosum",14.343,50.374,-84.389,113.076,0.285,0.776,NA,"Taphrina","plant_associated",TRUE
"OTU628","Vaccinium uliginosum",3.563,1.879,-0.119,7.245,1.896,0.0579,0.184,"Frutidella","other/unassigned",FALSE
"OTU636","Vaccinium uliginosum",-5.129,1.114,-7.312,-2.945,-4.603,4.16e-06,0.000516,"Sporormiella","coprophilous",FALSE
"OTU637","Vaccinium uliginosum",5.398,2.923,-0.331,11.127,1.847,0.0648,0.196,NA,"other/unassigned",FALSE
"OTU651","Vaccinium uliginosum",4.426,4.716,-4.817,13.669,0.939,0.348,NA,NA,"other/unassigned",TRUE
"OTU691","Vaccinium uliginosum",-2.1,7.099,-16.013,11.814,-0.296,0.767,0.891,NA,"other/unassigned",FALSE
"OTU715","Vaccinium uliginosum",-308.293,29.188,-365.502,-251.084,-10.562,4.46e-26,NA,NA,"other/unassigned",TRUE
"OTU733","Vaccinium uliginosum",-15.67,21.38,-57.575,26.235,-0.733,0.464,NA,"Psilolechiaceae_gen_Incertae_sedis","other/unassigned",TRUE
"OTU758","Vaccinium uliginosum",2.68,3.03,-3.259,8.619,0.884,0.376,0.614,"Meristemomyces","plant_associated",FALSE
"OTU788","Vaccinium uliginosum",2.309,3.859,-5.255,9.872,0.598,0.55,0.775,NA,"other/unassigned",FALSE
"OTU827","Vaccinium uliginosum",-20.065,7.297,-34.367,-5.763,-2.75,0.00597,0.0528,NA,"other/unassigned",FALSE
"OTU911","Vaccinium uliginosum",235.07,213.286,-182.971,653.111,1.102,0.27,NA,NA,"other/unassigned",TRUE
"OTU1183","Vaccinium uliginosum",1.306,1.014,-0.681,3.294,1.288,0.198,0.402,"Phenoliferia","other/unassigned",FALSE
"OTU1225","Vaccinium uliginosum",-4.182,1.415,-6.955,-1.409,-2.956,0.00311,0.0381,"Coniochaeta","coprophilous",FALSE
"OTU1226","Vaccinium uliginosum",0.661,1.991,-3.241,4.563,0.332,0.74,NA,"Phenoliferia","other/unassigned",TRUE
"OTU1242","Vaccinium uliginosum",-0.804,5.903,-12.375,10.766,-0.136,0.892,0.953,"Spirographa","other/unassigned",FALSE
"OTU1271","Vaccinium uliginosum",-0.771,6.024,-12.579,11.037,-0.128,0.898,NA,"Aureobasidium","plant_associated",TRUE
"OTU1279","Vaccinium uliginosum",0.431,4.543,-8.473,9.335,0.095,0.924,NA,NA,"other/unassigned",TRUE
"OTU1283","Vaccinium uliginosum",223.383,2.111,219.245,227.521,105.805,0,NA,NA,"other/unassigned",TRUE
"OTU1289","Vaccinium uliginosum",-0.402,10.163,-20.321,19.517,-0.04,0.968,NA,"Dothideales_gen_Incertae_sedis","other/unassigned",TRUE
"OTU1305","Vaccinium uliginosum",-2.108,1.397,-4.847,0.631,-1.508,0.131,0.313,NA,"coprophilous",FALSE
"OTU1320","Vaccinium uliginosum",0.881,1.282,-1.631,3.393,0.687,0.492,0.735,NA,"coprophilous",FALSE
"OTU1340","Vaccinium uliginosum",119.107,4.948,109.409,128.805,24.071,4.98e-128,NA,NA,"other/unassigned",TRUE
"OTU1365","Vaccinium uliginosum",1.081,8.695,-15.961,18.122,0.124,0.901,NA,"Perusta","other/unassigned",TRUE
"OTU1369","Vaccinium uliginosum",-0.899,1.352,-3.549,1.751,-0.665,0.506,0.747,NA,"other/unassigned",FALSE
"OTU1370","Vaccinium uliginosum",4.703,3.741,-2.629,12.035,1.257,0.209,0.41,NA,"other/unassigned",FALSE
"OTU1427","Vaccinium uliginosum",0.233,1.12,-1.962,2.428,0.208,0.835,0.933,NA,"other/unassigned",FALSE
"OTU1","Empetrum nigrum",6.101,2.889,0.439,11.763,2.112,0.0347,0.143,"Thelebolus","coprophilous",FALSE
"OTU2","Empetrum nigrum",3.782,1.73,0.391,7.172,2.186,0.0288,0.123,"Myriangiales_gen_Incertae_sedis","other/unassigned",FALSE
"OTU9","Empetrum nigrum",-3.051,1.853,-6.682,0.58,-1.647,0.0996,0.252,"Cladosporium","plant_associated",FALSE
"OTU21","Empetrum nigrum",-9.126,5.008,-18.943,0.69,-1.822,0.0684,NA,"Venturia","plant_associated",TRUE
"OTU32","Empetrum nigrum",0.907,3.489,-5.932,7.746,0.26,0.795,0.904,"Phenoliferia","other/unassigned",FALSE
"OTU45","Empetrum nigrum",8.69,4.368,0.129,17.25,1.99,0.0466,0.156,"Coleophoma","plant_associated",FALSE
"OTU92","Empetrum nigrum",2.791,1.929,-0.989,6.571,1.447,0.148,0.346,NA,"coprophilous",FALSE
"OTU97","Empetrum nigrum",6.666,4.233,-1.63,14.962,1.575,0.115,0.28,NA,"other/unassigned",FALSE
"OTU136","Empetrum nigrum",-0.925,5.817,-12.326,10.476,-0.159,0.874,0.942,"Candida","plant_associated",FALSE
"OTU175","Empetrum nigrum",4.453,1.497,1.519,7.386,2.975,0.00293,0.0381,"Mrakiaceae_gen_Incertae_sedis","other/unassigned",FALSE
"OTU176","Empetrum nigrum",1.856,1.486,-1.056,4.768,1.249,0.212,0.41,"Dothiora","other/unassigned",FALSE
"OTU192","Empetrum nigrum",117.357,189.509,-254.08,488.793,0.619,0.536,NA,"Kabatiella","plant_associated",TRUE
"OTU252","Empetrum nigrum",7.542,2.352,2.932,12.152,3.207,0.00134,0.0208,NA,"plant_associated",FALSE
"OTU258","Empetrum nigrum",-38.089,2.195,-42.392,-33.786,-17.349,2e-67,NA,NA,"other/unassigned",TRUE
"OTU320","Empetrum nigrum",3.188,1.971,-0.676,7.051,1.617,0.106,0.263,NA,"other/unassigned",FALSE
"OTU340","Empetrum nigrum",-0.746,1.307,-3.307,1.815,-0.571,0.568,0.781,"Cladosporium","plant_associated",FALSE
"OTU381","Empetrum nigrum",2.098,3.408,-4.582,8.778,0.616,0.538,0.769,NA,"other/unassigned",FALSE
"OTU483","Empetrum nigrum",5.464,1.865,1.81,9.119,2.931,0.00338,0.0381,NA,"plant_associated",FALSE
"OTU554","Empetrum nigrum",-0.741,2.031,-4.722,3.24,-0.365,0.715,0.853,"Exobasidium","plant_associated",FALSE
"OTU594","Empetrum nigrum",-10.111,39.217,-86.976,66.754,-0.258,0.797,NA,"Taphrina","plant_associated",TRUE
"OTU628","Empetrum nigrum",0.561,1.971,-3.301,4.424,0.285,0.776,0.891,"Frutidella","other/unassigned",FALSE
"OTU636","Empetrum nigrum",-5.632,1.544,-8.659,-2.605,-3.647,0.000266,0.00659,"Sporormiella","coprophilous",FALSE
"OTU637","Empetrum nigrum",-3.246,1.597,-6.376,-0.117,-2.033,0.042,0.149,NA,"other/unassigned",FALSE
"OTU651","Empetrum nigrum",15.221,11.678,-7.667,38.109,1.303,0.192,NA,NA,"other/unassigned",TRUE
"OTU691","Empetrum nigrum",1.351,2.435,-3.423,6.124,0.555,0.579,0.781,NA,"other/unassigned",FALSE
"OTU715","Empetrum nigrum",-128.508,5.922,-140.115,-116.901,-21.7,2.04e-104,NA,NA,"other/unassigned",TRUE
"OTU733","Empetrum nigrum",-3.559,6.815,-16.917,9.799,-0.522,0.602,NA,"Psilolechiaceae_gen_Incertae_sedis","other/unassigned",TRUE
"OTU758","Empetrum nigrum",5.821,2.423,1.072,10.569,2.403,0.0163,0.0841,"Meristemomyces","plant_associated",FALSE
"OTU788","Empetrum nigrum",-2.061,4.352,-10.592,6.469,-0.474,0.636,0.805,NA,"other/unassigned",FALSE
"OTU827","Empetrum nigrum",3.524,3.053,-2.46,9.509,1.154,0.248,0.464,NA,"other/unassigned",FALSE
"OTU911","Empetrum nigrum",-292.089,118.912,-525.157,-59.022,-2.456,0.014,NA,NA,"other/unassigned",TRUE
"OTU1183","Empetrum nigrum",0.931,1.494,-1.997,3.86,0.623,0.533,0.769,"Phenoliferia","other/unassigned",FALSE
"OTU1225","Empetrum nigrum",-0.656,1.179,-2.967,1.655,-0.557,0.578,0.781,"Coniochaeta","coprophilous",FALSE
"OTU1226","Empetrum nigrum",-6.31,5.463,-17.018,4.399,-1.155,0.248,NA,"Phenoliferia","other/unassigned",TRUE
"OTU1242","Empetrum nigrum",-4.691,5.045,-14.579,5.196,-0.93,0.352,0.59,"Spirographa","other/unassigned",FALSE
"OTU1271","Empetrum nigrum",0.475,2.699,-4.816,5.765,0.176,0.86,NA,"Aureobasidium","plant_associated",TRUE
"OTU1279","Empetrum nigrum",8.171,5.22,-2.059,18.402,1.565,0.117,NA,NA,"other/unassigned",TRUE
"OTU1283","Empetrum nigrum",-56.081,1.686,-59.385,-52.776,-33.264,1.27e-242,NA,NA,"other/unassigned",TRUE
"OTU1289","Empetrum nigrum",5.128,3.921,-2.556,12.813,1.308,0.191,NA,"Dothideales_gen_Incertae_sedis","other/unassigned",TRUE
"OTU1305","Empetrum nigrum",-0.465,1.154,-2.728,1.797,-0.403,0.687,0.843,NA,"coprophilous",FALSE
"OTU1320","Empetrum nigrum",4.362,1.633,1.162,7.563,2.671,0.00756,0.0534,NA,"coprophilous",FALSE
"OTU1340","Empetrum nigrum",-136.335,2.979,-142.174,-130.495,-45.761,0,NA,NA,"other/unassigned",TRUE
"OTU1365","Empetrum nigrum",-3.53,6.113,-15.512,8.452,-0.577,0.564,NA,"Perusta","other/unassigned",TRUE
"OTU1369","Empetrum nigrum",1.936,1.124,-0.267,4.14,1.722,0.085,0.234,NA,"other/unassigned",FALSE
"OTU1370","Empetrum nigrum",0.076,4.457,-8.66,8.812,0.017,0.986,0.986,NA,"other/unassigned",FALSE
"OTU1427","Empetrum nigrum",3.129,1.19,0.797,5.46,2.63,0.00853,0.0557,NA,"other/unassigned",FALSE
