"sample","q0","q1","q2","Season","Year","indivID_glm"
"S_1_1_P2_1C",9.29882806819742,5.56150571132908,4.24250450389906,"summer","2024","unk_S_1_1_P2_1C"
"S_1_2_P1_8D",41.9665767390085,2.11232385641611,1.36669315817997,"summer","2024","unk_S_1_2_P1_8D"
"S_1_3_P2_1D",6.25001350027818,4.0884698934009,3.44408867874793,"summer","2024","unk_S_1_3_P2_1D"
"S_1_4_P1_1B",54.608432944446,2.69170646421559,1.59507122426806,"summer","2024","unk_S_1_4_P1_1B"
"S_1_5_P2_1E",36.1036463480401,10.929658439173,5.90290936896352,"summer","2024","Lla615"
"S_1_6_P1_1C",30.1449462428427,1.76515709639444,1.25159816572156,"summer","2024","Lla541"
"S_1_7_P1_8E",164.742288189456,50.3688222583878,29.3148333295774,"summer","2024","Lla568"
"S_1_9_P2_1F",30.3309007844734,19.2717887220752,16.9479527268484,"summer","2024","unk_S_1_9_P2_1F"
"S_2_1_P1_1E",26.1838835940015,1.77862977264255,1.37172996916513,"summer","2023","unk_S_2_1_P1_1E"
"S_2_10_P1_2E",35.6206064344251,1.61842836200243,1.2193521273826,"summer","2023","unk_S_2_10_P1_2E"
"S_2_2_P1_8G",37.4997802648812,4.72693229965553,3.66350952226537,"summer","2023","Lla574"
"S_2_3_P1_1F",71.7499448981664,6.67187077901697,3.93410282111058,"summer","2023","unk_S_2_3_P1_1F"
"S_2_4_P1_1G",64.2694683004152,5.96884633913147,3.58322214613415,"summer","2023","unk_S_2_4_P1_1G"
"S_2_5_P1_1H",109.298640947107,12.3175613566266,7.89681564714734,"summer","2023","unk_S_2_5_P1_1H"
"S_2_6_P1_2D",71.843567435033,6.65598558770661,3.2891451444804,"summer","2023","Lla545"
"S_2_7_P1_8H",32.6835842219946,3.41400763065413,2.56023128317499,"summer","2023","Lla568"
"S_2_8_P1_9A",27.0109624101713,3.88832909601822,2.17938101466701,"summer","2023","Lla574"
"S_3_10_P1_9G",92.9232470222985,14.7192144298332,6.21547664010299,"summer","2022","Lla278"
"S_3_2_P1_9B",122.839171938668,13.7659945358989,5.05730218694145,"summer","2022","Lla599"
"S_3_3_P1_3A",29.3670165598893,2.4898872727256,2.02198244939408,"summer","2022","unk_S_3_3_P1_3A"
"S_3_4_P2_1H",11.8165333648176,1.27103032244217,1.08694616690667,"summer","2022","unk_S_3_4_P2_1H"
"S_3_5_P1_9C",35.5166790090302,1.49833754787029,1.16634654114326,"summer","2022","Lla558"
"S_3_6_P1_3B",13.318770898251,3.06208383899673,2.53929072333791,"summer","2022","unk_S_3_6_P1_3B"
"S_3_7_P2_2D",3,1.00701032569306,1.00158697353954,"summer","2022","unk_S_3_7_P2_2D"
"S_3_8_P1_3G",25.2388273422512,2.79509229214731,2.09512881341426,"summer","2022","unk_S_3_8_P1_3G"
"S_3_9_P1_3H",71.5292455360311,7.21331478783508,3.54361866198323,"summer","2022","Lla526"
"W_1_1_P1_10A",19.9722864244972,9.3483416499101,6.325321282708,"winter","2024","Lla548"
"W_1_10_P2_2E",27.2663667867725,18.6053586218041,15.7898988486958,"winter","2024","Lla536"
"W_1_2_P1_10B",56.9999702259751,27.691811827411,13.8259815637579,"winter","2024","Lla549"
"W_1_5_P1_11A",110.37137992322,55.7945042340904,32.1750023511312,"winter","2024","Lla552"
"W_1_7_P1_11C",34.5456766602221,15.0849694835338,9.10462159616548,"winter","2024","Lla553"
"W_1_8_P1_11D",38.7254983827183,20.4824928635052,13.6488843692702,"winter","2024","Lla554"
"W_1_9_P1_11E",43.227724303342,13.8209853642726,7.11468231133564,"winter","2024","Lla551"
"W_2_1_P2_2F",31.0502312318738,16.5644807243137,9.0125861200341,"winter","2023","Lla563"
"W_2_10_P2_3H",23.7482345826176,8.65600396440765,5.88776821224549,"winter","2023","Lla536"
"W_2_2_P1_12A",14.9999999999383,11.7058496868374,10.1044996664655,"winter","2023","Lla368"
"W_2_3_P2_2G",23.0015132113618,13.3057121314609,10.48324746001,"winter","2023","Lla415"
"W_2_4_P2_2H",48.8812947500784,19.9516622165112,12.4537571225774,"winter","2023","Lla568"
"W_2_5_P2_3A",18.9296349763092,10.6270526144532,9.4723796092248,"winter","2023","Lla596"
"W_2_6_P2_3B",24.3654695158152,14.2475097999518,9.66310264964881,"winter","2023","Lla603"
"W_2_7_P2_3F",25.0720968487868,13.3089725880495,8.56784033363937,"winter","2023","Lla480"
"W_2_9_P2_3G",22.3914103595277,8.03448708270394,4.67284003337938,"winter","2023","Lla610"
"W_3_1_P2_4F",11.3116398670202,3.09940407033235,2.79517403022848,"winter","2022","unk_W_3_1_P2_4F"
"W_3_10_P2_5H",26.4410623962919,13.7168019623075,11.0643799212437,"winter","2022","Lla540"
"W_3_2_P1_4A",14.218942763504,2.31050174866871,1.93687889756615,"winter","2022","Lla531"
"W_3_3_P2_4G",35.9096455891156,11.9589534270942,6.74236448509132,"winter","2022","Lla524"
"W_3_4_P2_4H",32.6086323982475,21.9999872720359,17.3051618417718,"winter","2022","Lla530"
"W_3_5_P1_12C",44.3112659096674,8.60744213787037,4.49937227745599,"winter","2022","Lla342"
"W_3_6_P2_5A",42.5645245548085,26.881913004815,20.8824137645546,"winter","2022","Lla522"
"W_3_7_P2_5B",15.4166715022348,9.35439143114751,7.81178414670129,"winter","2022","Lla521"
"W_3_8_P2_5C",11.6459038242359,7.50696821386329,6.62147226942195,"winter","2022","Lla537"
"W_3_9_P2_5G",16.0052949783753,5.26694623783729,3.70382964252808,"winter","2022","Lla539"
