"pcr_row","q0","q1","q2","Season","Year","indivID_glm","pcr_replicate_id"
"S_1_1_P2_1Cr1",7.33540044184165,5.00199640566686,4.31173285678116,"summer","2024","unk_S_1_1_P2_1C","S_1_1_P2_1C"
"S_1_1_P2_1Cr2",4,3.39358287480561,2.89987609374181,"summer","2024","unk_S_1_1_P2_1C","S_1_1_P2_1C"
"S_1_2_P1_8Dr1",32.9669082160621,2.20392095353146,1.43522490535017,"summer","2024","unk_S_1_2_P1_8D","S_1_2_P1_8D"
"S_1_2_P1_8Dr2",35.3446032396217,1.87923062529439,1.28233357568854,"summer","2024","unk_S_1_2_P1_8D","S_1_2_P1_8D"
"S_1_3_P2_1Dr1",5.21782968249837,3.47179022427423,2.82009120424067,"summer","2024","unk_S_1_3_P2_1D","S_1_3_P2_1D"
"S_1_3_P2_1Dr2",3.18850934748284,1.73370416881308,1.47751780488797,"summer","2024","unk_S_1_3_P2_1D","S_1_3_P2_1D"
"S_1_4_P1_1Br1",52.7083200939791,2.70041693474954,1.59882114583215,"summer","2024","unk_S_1_4_P1_1B","S_1_4_P1_1B"
"S_1_4_P1_1Br2",51.1929725031968,2.6783535339957,1.59079050437361,"summer","2024","unk_S_1_4_P1_1B","S_1_4_P1_1B"
"S_1_5_P2_1Er1",26.9524308612054,9.48696678121055,5.3881318373388,"summer","2024","Lla615","S_1_5_P2_1E"
"S_1_5_P2_1Er2",23.3138777823701,9.6617300697758,6.40313390325046,"summer","2024","Lla615","S_1_5_P2_1E"
"S_1_6_P1_1Cr1",26.9001325434456,1.76416849587471,1.24945048494481,"summer","2024","Lla541","S_1_6_P1_1C"
"S_1_6_P1_1Cr2",21.0930670012875,1.7582571815969,1.25411465966215,"summer","2024","Lla541","S_1_6_P1_1C"
"S_1_7_P1_8Er1",118.020949523316,44.8893782776183,27.2630781852729,"summer","2024","Lla568","S_1_7_P1_8E"
"S_1_7_P1_8Er2",132.146915423856,49.0343771145154,29.9912958690696,"summer","2024","Lla568","S_1_7_P1_8E"
"S_1_9_P2_1Fr1",16.1057723284228,9.18890991170177,8.01270536417143,"summer","2024","unk_S_1_9_P2_1F","S_1_9_P2_1F"
"S_1_9_P2_1Fr2",18.0687857572933,10.6215355602623,9.17164558201553,"summer","2024","unk_S_1_9_P2_1F","S_1_9_P2_1F"
"S_2_1_P1_1Er1",22.3331946080318,1.78261815233807,1.37628869767173,"summer","2023","unk_S_2_1_P1_1E","S_2_1_P1_1E"
"S_2_1_P1_1Er2",24.406765578558,1.77191045615439,1.36603899287738,"summer","2023","unk_S_2_1_P1_1E","S_2_1_P1_1E"
"S_2_10_P1_2Er1",34.3595532624533,1.62814841772349,1.22255696278938,"summer","2023","unk_S_2_10_P1_2E","S_2_10_P1_2E"
"S_2_10_P1_2Er2",32.2991793185983,1.60318788407157,1.2149410683111,"summer","2023","unk_S_2_10_P1_2E","S_2_10_P1_2E"
"S_2_2_P1_8Gr1",28.4779644289101,4.79810949580425,3.73256818871852,"summer","2023","Lla574","S_2_2_P1_8G"
"S_2_2_P1_8Gr2",23.2765371390804,4.48909820492386,3.55831447879365,"summer","2023","Lla574","S_2_2_P1_8G"
"S_2_3_P1_1Fr1",70.463109758177,6.71861516795825,3.94780630713757,"summer","2023","unk_S_2_3_P1_1F","S_2_3_P1_1F"
"S_2_3_P1_1Fr2",66.1118409637629,6.60092570680054,3.91633532511236,"summer","2023","unk_S_2_3_P1_1F","S_2_3_P1_1F"
"S_2_4_P1_1Gr1",61.8880156507869,5.99040508636794,3.59725291798895,"summer","2023","unk_S_2_4_P1_1G","S_2_4_P1_1G"
"S_2_4_P1_1Gr2",60.0749167502023,5.93365852114689,3.56668731346623,"summer","2023","unk_S_2_4_P1_1G","S_2_4_P1_1G"
"S_2_5_P1_1Hr1",104.015535573553,12.2772843929053,7.85808656145078,"summer","2023","unk_S_2_5_P1_1H","S_2_5_P1_1H"
"S_2_5_P1_1Hr2",99.2278913726975,12.3211889832606,7.93680462703978,"summer","2023","unk_S_2_5_P1_1H","S_2_5_P1_1H"
"S_2_6_P1_2Dr1",69.0988716628096,6.67633255830721,3.30260436877078,"summer","2023","Lla545","S_2_6_P1_2D"
"S_2_6_P1_2Dr2",68.1869592431965,6.61401018430975,3.26994740278421,"summer","2023","Lla545","S_2_6_P1_2D"
"S_2_7_P1_8Hr1",20.5583004449843,3.26882884962914,2.46682064373421,"summer","2023","Lla568","S_2_7_P1_8H"
"S_2_7_P1_8Hr2",27.4553860668315,3.58056180490094,2.69170744188102,"summer","2023","Lla568","S_2_7_P1_8H"
"S_2_8_P1_9Ar1",18.8237828685688,3.11349797416846,1.96778457169813,"summer","2023","Lla574","S_2_8_P1_9A"
"S_2_8_P1_9Ar2",17.3064511176594,4.19701587328888,2.37479055060213,"summer","2023","Lla574","S_2_8_P1_9A"
"S_3_10_P1_9Gr1",79.7607673417879,14.111934037827,6.01938641193777,"summer","2022","Lla278","S_3_10_P1_9G"
"S_3_10_P1_9Gr2",70.0135459062757,14.9591701738321,6.49014454785973,"summer","2022","Lla278","S_3_10_P1_9G"
"S_3_2_P1_9Br1",82.9828910149267,11.6350014119657,4.7004351001713,"summer","2022","Lla599","S_3_2_P1_9B"
"S_3_2_P1_9Br2",88.4645549072112,14.404671496904,5.5206000945767,"summer","2022","Lla599","S_3_2_P1_9B"
"S_3_3_P1_3Ar1",27.1714853598206,2.48871826752361,2.01711261398902,"summer","2022","unk_S_3_3_P1_3A","S_3_3_P1_3A"
"S_3_3_P1_3Ar2",26.9004643601541,2.48909108553647,2.02796806149183,"summer","2022","unk_S_3_3_P1_3A","S_3_3_P1_3A"
"S_3_4_P2_1Hr1",7.79629987777241,1.23809022682189,1.08553838552718,"summer","2022","unk_S_3_4_P2_1H","S_3_4_P2_1H"
"S_3_4_P2_1Hr2",8.40151700954605,1.2692220371766,1.08877575272404,"summer","2022","unk_S_3_4_P2_1H","S_3_4_P2_1H"
"S_3_5_P1_9Cr1",23.032825918089,1.51809099489556,1.1771317348501,"summer","2022","Lla558","S_3_5_P1_9C"
"S_3_5_P1_9Cr2",26.1094344653097,1.44213787896662,1.15104586914438,"summer","2022","Lla558","S_3_5_P1_9C"
"S_3_6_P1_3Br1",13.1252903882656,3.05236180847129,2.52893482150937,"summer","2022","unk_S_3_6_P1_3B","S_3_6_P1_3B"
"S_3_6_P1_3Br2",12.4966234907964,3.07229454571123,2.55103705114351,"summer","2022","unk_S_3_6_P1_3B","S_3_6_P1_3B"
"S_3_7_P2_2Dr1",1.99998409451239,1.00411606079239,1.00095198869743,"summer","2022","unk_S_3_7_P2_2D","S_3_7_P2_2D"
"S_3_8_P1_3Gr1",23.3253505741679,2.8099159199902,2.09996384343241,"summer","2022","unk_S_3_8_P1_3G","S_3_8_P1_3G"
"S_3_8_P1_3Gr2",20.6411796106439,2.76988311812107,2.08866975068366,"summer","2022","unk_S_3_8_P1_3G","S_3_8_P1_3G"
"S_3_9_P1_3Hr1",65.5562521276051,7.27867914091706,3.60040994040301,"summer","2022","Lla526","S_3_9_P1_3H"
"S_3_9_P1_3Hr2",64.6908274362106,7.09210476378339,3.47629012433076,"summer","2022","Lla526","S_3_9_P1_3H"
"W_1_10_P2_2Er1",18.3240915369087,13.47666609983,11.6917230762222,"winter","2024","Lla536","W_1_10_P2_2E"
"W_1_10_P2_2Er2",14.811285234171,7.04350774764535,5.80218287023935,"winter","2024","Lla536","W_1_10_P2_2E"
"W_1_2_P1_10Br1",40.8594827027638,20.6247034540451,11.2457396410785,"winter","2024","Lla549","W_1_2_P1_10B"
"W_1_5_P1_11Ar1",73.235457152101,43.6337541231961,27.3214337539686,"winter","2024","Lla552","W_1_5_P1_11A"
"W_1_5_P1_11Ar2",64.8487366143424,38.8367684882815,27.8296933998578,"winter","2024","Lla552","W_1_5_P1_11A"
"W_1_7_P1_11Cr1",18.803654355962,11.1867571058228,8.54982363900683,"winter","2024","Lla553","W_1_7_P1_11C"
"W_1_7_P1_11Cr2",21.9999982561901,11.5037416468132,7.80011458619169,"winter","2024","Lla553","W_1_7_P1_11C"
"W_1_8_P1_11Dr1",26.9646565951632,15.6939468376635,11.6973107877644,"winter","2024","Lla554","W_1_8_P1_11D"
"W_1_8_P1_11Dr2",25,16.2995132539457,11.1540181949303,"winter","2024","Lla554","W_1_8_P1_11D"
"W_1_9_P1_11Er1",23.8875850772983,10.4044895447452,6.58131166818295,"winter","2024","Lla551","W_1_9_P1_11E"
"W_1_9_P1_11Er2",26.9676582166966,10.7309142330936,6.44083200001533,"winter","2024","Lla551","W_1_9_P1_11E"
"W_2_1_P2_2Fr1",18.6859072365525,11.4867293384655,7.30002518109565,"winter","2023","Lla563","W_2_1_P2_2F"
"W_2_1_P2_2Fr2",21.7165343579187,13.3611178044372,9.15547232156384,"winter","2023","Lla563","W_2_1_P2_2F"
"W_2_10_P2_3Hr1",15.3731924776913,5.42227745313619,4.29534318485188,"winter","2023","Lla536","W_2_10_P2_3H"
"W_2_10_P2_3Hr2",16.3695849993779,6.69633938914502,5.44748987575684,"winter","2023","Lla536","W_2_10_P2_3H"
"W_2_3_P2_2Gr1",12.5266799312542,8.33723328221425,7.37341334407047,"winter","2023","Lla415","W_2_3_P2_2G"
"W_2_3_P2_2Gr2",15.1812275972665,9.46416120063814,8.14009098275781,"winter","2023","Lla415","W_2_3_P2_2G"
"W_2_4_P2_2Hr1",31.7945690659345,14.6963524216371,10.3210409500172,"winter","2023","Lla568","W_2_4_P2_2H"
"W_2_4_P2_2Hr2",29.5251345721013,14.2678359073632,9.35440496610705,"winter","2023","Lla568","W_2_4_P2_2H"
"W_2_5_P2_3Ar1",12.3690649515632,7.19299579328166,6.00744066823471,"winter","2023","Lla596","W_2_5_P2_3A"
"W_2_5_P2_3Ar2",10.959739401266,5.92939542063777,5.41123209556926,"winter","2023","Lla596","W_2_5_P2_3A"
"W_2_6_P2_3Br1",14.0493938677783,8.51945759373602,5.99672992101397,"winter","2023","Lla603","W_2_6_P2_3B"
"W_2_6_P2_3Br2",14.7498287633264,10.0966922088083,8.28605319392179,"winter","2023","Lla603","W_2_6_P2_3B"
"W_2_7_P2_3Fr1",14.3171852907377,10.6703780023041,8.83005661916602,"winter","2023","Lla480","W_2_7_P2_3F"
"W_2_7_P2_3Fr2",15.2624076039408,6.93430779616933,4.91408715556519,"winter","2023","Lla480","W_2_7_P2_3F"
"W_2_9_P2_3Gr1",10.7583807324953,6.73295000750023,5.90498758189469,"winter","2023","Lla610","W_2_9_P2_3G"
"W_2_9_P2_3Gr2",14.9658816323736,4.62384253840426,2.83190972420809,"winter","2023","Lla610","W_2_9_P2_3G"
"W_3_1_P2_4Fr1",9.57748473764378,1.84450590374864,1.67330971716813,"winter","2022","unk_W_3_1_P2_4F","W_3_1_P2_4F"
"W_3_1_P2_4Fr2",4.32259781820323,1.25824641067979,1.12668142960367,"winter","2022","unk_W_3_1_P2_4F","W_3_1_P2_4F"
"W_3_10_P2_5Hr1",17.1139672468201,8.67441123987233,7.77267464665533,"winter","2022","Lla540","W_3_10_P2_5H"
"W_3_10_P2_5Hr2",14.0287169370069,6.49831782056018,5.0910590004988,"winter","2022","Lla540","W_3_10_P2_5H"
"W_3_2_P1_4Ar1",14.085377981399,2.3066369674352,1.9370860142118,"winter","2022","Lla531","W_3_2_P1_4A"
"W_3_2_P1_4Ar2",13.5461781890596,2.31464441909552,1.93652357908038,"winter","2022","Lla531","W_3_2_P1_4A"
"W_3_3_P2_4Gr1",23.224834335831,11.6240596830175,7.60381678589154,"winter","2022","Lla524","W_3_3_P2_4G"
"W_3_3_P2_4Gr2",25.0256553249439,9.02125036672506,5.0670812775768,"winter","2022","Lla524","W_3_3_P2_4G"
"W_3_4_P2_4Hr1",21.4847531455911,15.275654851527,13.18133893462,"winter","2022","Lla530","W_3_4_P2_4H"
"W_3_4_P2_4Hr2",21.2323752370926,15.1114720668395,12.4069304408167,"winter","2022","Lla530","W_3_4_P2_4H"
"W_3_5_P1_12Cr1",35.3810451709956,8.83585203395894,4.78675745079893,"winter","2022","Lla342","W_3_5_P1_12C"
"W_3_5_P1_12Cr2",28.5393219563271,7.26657219290409,4.07612003897429,"winter","2022","Lla342","W_3_5_P1_12C"
"W_3_6_P2_5Ar1",26.4144629965826,18.7120754091369,15.4984429160548,"winter","2022","Lla522","W_3_6_P2_5A"
"W_3_6_P2_5Ar2",26.7589532820057,19.1903232062904,16.1542661719245,"winter","2022","Lla522","W_3_6_P2_5A"
"W_3_7_P2_5Br1",9.55761688281972,6.34291030560589,5.4383817910318,"winter","2022","Lla521","W_3_7_P2_5B"
"W_3_7_P2_5Br2",7.24630268913086,3.73063195065096,3.03799764183876,"winter","2022","Lla521","W_3_7_P2_5B"
"W_3_8_P2_5Cr1",7.30519214189996,4.03995194276201,3.5226229988396,"winter","2022","Lla537","W_3_8_P2_5C"
"W_3_8_P2_5Cr2",4.9999999971394,3.46887464925713,3.10039020384342,"winter","2022","Lla537","W_3_8_P2_5C"
"W_3_9_P2_5Gr1",9.69939705863377,3.40527152874983,2.65857655139913,"winter","2022","Lla539","W_3_9_P2_5G"
"W_3_9_P2_5Gr2",10.8012445607086,3.95818625093233,2.86556961319033,"winter","2022","Lla539","W_3_9_P2_5G"
