"Assemblage","Order.q","SC","mT","Method","qTD","s.e.","qTD.LCL","qTD.UCL","draw"
"summer",0,0.65,20.8796866910266,"Rarefaction",554.956586596086,30.4769208000231,495.222919468361,614.690253723811,1
"summer",1,0.65,20.8796866910266,"Rarefaction",412.951961610283,19.9654769959205,373.820345764116,452.08357745645,1
"summer",2,0.65,20.8796866910266,"Rarefaction",287.465541931176,12.869003362502,262.242758823747,312.688325038605,1
"winter",0,0.65,22.5826138968875,"Rarefaction",368.124223107008,22.0105776771205,324.984283580931,411.264162633086,1
"winter",1,0.65,22.5826138968875,"Rarefaction",253.508217050336,12.7440876348312,228.530264270244,278.486169830427,1
"winter",2,0.65,22.5826138968875,"Rarefaction",160.096864782574,7.00161067188447,146.373960031909,173.819769533239,1
"summer",0,0.65,20.0141356026189,"Rarefaction",532.724863138076,20.5111250954873,492.523796668526,572.925929607627,2
"summer",1,0.65,20.0141356026189,"Rarefaction",399.908277089537,14.350164408391,371.782471676862,428.034082502211,2
"summer",2,0.65,20.0141356026189,"Rarefaction",281.792359641521,10.216278188755,261.768822335519,301.815896947523,2
"winter",0,0.65,22.4892380057292,"Rarefaction",366.411411229963,23.3121246780323,320.720486457912,412.102336002013,2
"winter",1,0.65,22.4892380057292,"Rarefaction",253.242567283917,14.8088441001617,224.217766194931,282.267368372902,2
"winter",2,0.65,22.4892380057292,"Rarefaction",160.652108752408,8.49902673773967,143.994322442796,177.309895062021,2
"summer",0,0.65,20.6211960043811,"Rarefaction",549.363144945077,23.9680116834918,502.386705264398,596.339584625757,3
"summer",1,0.65,20.6211960043811,"Rarefaction",415.194052710889,16.6159355891953,382.627417386629,447.760688035149,3
"summer",2,0.65,20.6211960043811,"Rarefaction",293.437757694042,10.9476627235285,271.980733041035,314.89478234705,3
"winter",0,0.65,22.6870334132573,"Rarefaction",367.595900521477,24.7422441843252,319.101993023504,416.08980801945,3
"winter",1,0.65,22.6870334132573,"Rarefaction",252.6776600321,15.1187654372281,223.045424284424,282.309895779776,3
"winter",2,0.65,22.6870334132573,"Rarefaction",159.101670894136,8.28662108452793,142.860192014931,175.343149773341,3
"summer",0,0.65,20.0909443667323,"Rarefaction",521.987726673898,27.3812960613973,468.321372543531,575.654080804265,4
"summer",1,0.65,20.0909443667323,"Rarefaction",392.956766494778,18.3513973386583,356.988688645024,428.924844344533,4
"summer",2,0.65,20.0909443667323,"Rarefaction",277.314006262492,11.8407253258474,254.106611073,300.521401451984,4
"winter",0,0.65,23.559184365153,"Rarefaction",378.7495962933,30.7253091575019,318.529096930737,438.970095655862,4
"winter",1,0.65,23.559184365153,"Rarefaction",257.315729462679,17.9988111071411,222.038707928143,292.592750997215,4
"winter",2,0.65,23.559184365153,"Rarefaction",159.442890020979,9.27617962714362,141.261912037653,177.623868004304,4
"summer",0,0.65,21.584417150963,"Rarefaction",570.921454528456,28.1337392797008,515.780338789803,626.06257026711,5
"summer",1,0.65,21.584417150963,"Rarefaction",426.705512494822,18.7456570287716,389.96469985189,463.446325137755,5
"summer",2,0.65,21.584417150963,"Rarefaction",297.703961687188,12.0741203651055,274.03912062658,321.368802747796,5
"winter",0,0.65,22.3356371419574,"Rarefaction",366.487792043628,24.919246191833,317.646966985749,415.328617101508,5
"winter",1,0.65,22.3356371419574,"Rarefaction",253.340976774968,14.8300062234097,224.27469868658,282.407254863355,5
"winter",2,0.65,22.3356371419574,"Rarefaction",160.761868003547,8.06239204127771,144.959869973401,176.563866033694,5
"summer",0,0.65,21.7295745238295,"Rarefaction",578.594722990817,25.0422639088373,529.512787638148,627.676658343485,6
"summer",1,0.65,21.7295745238295,"Rarefaction",431.409578745941,16.3189147095495,399.425093648443,463.394063843439,6
"summer",2,0.65,21.7295745238295,"Rarefaction",300.159214604172,10.6135237616597,279.357090282259,320.961338926085,6
"winter",0,0.65,23.1806055345908,"Rarefaction",380.33571444702,23.5804155547412,334.118949219239,426.552479674801,6
"winter",1,0.65,23.1806055345908,"Rarefaction",260.162532597508,14.2957470444726,232.143383258247,288.181681936769,6
"winter",2,0.65,23.1806055345908,"Rarefaction",162.1380384559,8.37941473275162,145.714687368183,178.561389543618,6
"summer",0,0.65,20.6513492294179,"Rarefaction",540.515743212436,27.9263768119267,485.781050442365,595.250435982507,7
"summer",1,0.65,20.6513492294179,"Rarefaction",403.593938605021,18.178488498722,367.96475585415,439.223121355892,7
"summer",2,0.65,20.6513492294179,"Rarefaction",282.240350886118,11.6678466878697,259.371791600758,305.108910171477,7
"winter",0,0.65,23.826989472636,"Rarefaction",386.281110951863,27.3601437636322,332.656214563305,439.90600734042,7
"winter",1,0.65,23.826989472636,"Rarefaction",262.242760570474,16.2564911703075,230.380623361678,294.10489777927,7
"winter",2,0.65,23.826989472636,"Rarefaction",163.239979101964,9.10533570465056,145.393849053702,181.086109150226,7
"summer",0,0.65,19.7639867251508,"Rarefaction",526.952408162391,22.4002204608917,483.048782813286,570.856033511496,8
"summer",1,0.65,19.7639867251508,"Rarefaction",400.178128283607,15.7483270954831,369.311974359704,431.044282207511,8
"summer",2,0.65,19.7639867251508,"Rarefaction",285.489967998675,11.4560342126261,263.036553536269,307.943382461081,8
"winter",0,0.65,23.8929150292316,"Rarefaction",385.10172875,23.8040314914453,338.44668433991,431.75677316009,8
"winter",1,0.65,23.8929150292316,"Rarefaction",260.869574343894,12.8305963808058,235.722067537344,286.017081150443,8
"winter",2,0.65,23.8929150292316,"Rarefaction",161.982288634467,7.00809884194755,148.246667304153,175.717909964781,8
"summer",0,0.65,19.8635699929319,"Rarefaction",520.476382310629,23.1796491319094,475.045104837812,565.907659783447,9
"summer",1,0.65,19.8635699929319,"Rarefaction",393.419423554053,15.4572174485576,363.123834053675,423.71501305443,9
"summer",2,0.65,19.8635699929319,"Rarefaction",279.017917954475,10.1231136724384,259.176979745091,298.85885616386,9
"winter",0,0.65,23.7737965867509,"Rarefaction",382.858689010289,29.3466420848965,325.340327456704,440.377050563873,9
"winter",1,0.65,23.7737965867509,"Rarefaction",260.004416282052,16.5766712376187,227.514737672758,292.494094891345,9
"winter",2,0.65,23.7737965867509,"Rarefaction",161.634082138535,8.29296697200653,145.380165548422,177.887998728648,9
"summer",0,0.65,21.3488703861513,"Rarefaction",567.767451238876,23.6999822280352,521.316339637688,614.218562840064,10
"summer",1,0.65,21.3488703861513,"Rarefaction",426.700346470149,16.9979929885878,393.384892403052,460.015800537245,10
"summer",2,0.65,21.3488703861513,"Rarefaction",299.018221402597,12.4046048770454,274.705642601138,323.330800204055,10
"winter",0,0.65,24.9536842191745,"Rarefaction",397.563316695092,32.3872601065655,334.085453328293,461.041180061891,10
"winter",1,0.65,24.9536842191745,"Rarefaction",265.509998314798,18.8286999276534,228.606424580886,302.413572048711,10
"winter",2,0.65,24.9536842191745,"Rarefaction",161.974201177369,9.92965287035988,142.512439172479,181.435963182259,10
"summer",0,0.65,20.8208879320001,"Rarefaction",547.306055611578,27.978344700785,492.469507650992,602.142603572163,11
"summer",1,0.65,20.8208879320001,"Rarefaction",409.875698671802,17.6664135984902,375.250164282772,444.501233060831,11
"summer",2,0.65,20.8208879320001,"Rarefaction",287.402243374135,10.5271487237441,266.7694110157,308.03507573257,11
"winter",0,0.65,23.2978322228894,"Rarefaction",376.804468814174,25.2638811119282,327.288171725093,426.320765903255,11
"winter",1,0.65,23.2978322228894,"Rarefaction",257.627452009509,14.2699711869908,229.658822422582,285.596081596435,11
"winter",2,0.65,23.2978322228894,"Rarefaction",160.874081709,7.90272612631737,145.385023121734,176.363140296266,11
"summer",0,0.65,20.9034183912752,"Rarefaction",551.54768858642,25.9100662062204,500.76489198518,602.330485187661,12
"summer",1,0.65,20.9034183912752,"Rarefaction",412.136065861115,17.5712155260194,377.697116265526,446.575015456704,12
"summer",2,0.65,20.9034183912752,"Rarefaction",288.248745621526,12.2606340392045,264.21834447706,312.279146765993,12
"winter",0,0.65,24.2187458608612,"Rarefaction",388.55524290554,34.9497950876792,320.054903266634,457.055582544446,12
"winter",1,0.65,24.2187458608612,"Rarefaction",261.153867135412,18.8228846602245,224.261691116221,298.046043154604,12
"winter",2,0.65,24.2187458608612,"Rarefaction",160.84829126562,9.31949888362783,142.582409099748,179.114173431491,12
"summer",0,0.65,20.2106474535628,"Rarefaction",533.9581339648,22.167393237551,490.510841588064,577.405426341537,13
"summer",1,0.65,20.2106474535628,"Rarefaction",404.7323260438,15.8915934887642,373.58537514887,435.879276938729,13
"summer",2,0.65,20.2106474535628,"Rarefaction",287.096678303149,11.6698249940661,264.224241608895,309.969114997404,13
"winter",0,0.65,23.3992176791695,"Rarefaction",381.773103824002,25.8000392282523,331.205956136907,432.340251511097,13
"winter",1,0.65,23.3992176791695,"Rarefaction",260.929485597226,14.7819166443544,231.957461351818,289.901509842633,13
"winter",2,0.65,23.3992176791695,"Rarefaction",162.572267288984,8.03594434497153,146.822105791071,178.322428786896,13
"summer",0,0.65,19.7238187750517,"Rarefaction",524.513325469701,22.1094697750841,481.17956099326,567.847089946143,14
"summer",1,0.65,19.7238187750517,"Rarefaction",398.698739900054,15.9097016364518,367.51629768783,429.881182112277,14
"summer",2,0.65,19.7238187750517,"Rarefaction",285.684529565262,11.4974238138348,263.149992975153,308.219066155372,14
"winter",0,0.65,23.3160011331433,"Rarefaction",377.08643243712,25.9758761367179,326.17465074228,427.998214131961,14
"winter",1,0.65,23.3160011331433,"Rarefaction",258.200086729684,14.845680193462,229.103088224498,287.297085234869,14
"winter",2,0.65,23.3160011331433,"Rarefaction",160.895557217616,7.60489059815847,145.990245538858,175.800868896374,14
"summer",0,0.65,19.7585518882906,"Rarefaction",527.576042812948,20.6007550982893,487.199304765971,567.952780859925,15
"summer",1,0.65,19.7585518882906,"Rarefaction",401.277349908879,14.2129379411375,373.420503429746,429.134196388011,15
"summer",2,0.65,19.7585518882906,"Rarefaction",286.047066842495,9.53949983450211,267.349990736345,304.744142948644,15
"winter",0,0.65,24.080208774852,"Rarefaction",387.101490420723,29.1729230099669,329.923611997428,444.279368844018,15
"winter",1,0.65,24.080208774852,"Rarefaction",262.174462121527,16.7674472376003,229.310869423155,295.038054819899,15
"winter",2,0.65,24.080208774852,"Rarefaction",162.92919915921,9.14584101585537,145.003680159804,180.854718158616,15
"summer",0,0.65,20.7936135978445,"Rarefaction",554.437456303843,22.8801246872964,509.593235954956,599.281676652729,16
"summer",1,0.65,20.7936135978445,"Rarefaction",414.674695247744,15.941815028676,383.42931194334,445.920078552148,16
"summer",2,0.65,20.7936135978445,"Rarefaction",288.699387675576,11.2778734124298,266.595161965012,310.80361338614,16
"winter",0,0.65,24.006702318519,"Rarefaction",385.515895035971,27.9839383739636,330.668383677414,440.363406394528,16
"winter",1,0.65,24.006702318519,"Rarefaction",263.009607382556,16.1648224226513,231.327137617674,294.692077147438,16
"winter",2,0.65,24.006702318519,"Rarefaction",163.644230378802,8.68967180441016,146.612786604685,180.675674152919,16
"summer",0,0.65,19.3811920010836,"Rarefaction",511.613640762194,24.2194628287083,464.144365893019,559.082915631369,17
"summer",1,0.65,19.3811920010836,"Rarefaction",386.727419268006,16.036722411301,355.29602091179,418.158817624222,17
"summer",2,0.65,19.3811920010836,"Rarefaction",275.641228723411,10.5667475893258,254.930784014607,296.351673432215,17
"winter",0,0.65,25.1762510342557,"Rarefaction",402.938761376813,34.2147634763175,335.879057223674,469.998465529952,17
"winter",1,0.65,25.1762510342557,"Rarefaction",269.215325999633,19.0040654408196,231.968042175785,306.462609823482,17
"winter",2,0.65,25.1762510342557,"Rarefaction",164.346873434096,9.23248484654216,146.251535647062,182.442211221131,17
"summer",0,0.65,20.2153134996013,"Rarefaction",531.68166674786,23.9871930406758,484.667632297925,578.695701197794,18
"summer",1,0.65,20.2153134996013,"Rarefaction",399.303039465201,16.3001671550252,367.355298899369,431.250780031033,18
"summer",2,0.65,20.2153134996013,"Rarefaction",281.676681028468,10.6643435651219,260.774951722068,302.578410334869,18
"winter",0,0.65,24.3522782891409,"Rarefaction",391.082316296954,30.1194788765521,332.049222465797,450.115410128111,18
"winter",1,0.65,24.3522782891409,"Rarefaction",265.214802691524,16.8893567434878,232.112271752239,298.317333630808,18
"winter",2,0.65,24.3522782891409,"Rarefaction",164.282925991446,8.44170279103589,147.737492552824,180.828359430068,18
"summer",0,0.65,20.4555039967946,"Rarefaction",539.310501722944,24.4004761141222,491.486447333635,587.134556112254,19
"summer",1,0.65,20.4555039967946,"Rarefaction",406.64029626144,17.2985356651629,372.735789372439,440.544803150441,19
"summer",2,0.65,20.4555039967946,"Rarefaction",287.762182833031,12.1490473813522,263.95048751911,311.573878146952,19
"winter",0,0.65,23.0655656422964,"Rarefaction",372.442105251776,23.9503606114608,325.500261036566,419.383949466986,19
"winter",1,0.65,23.0655656422964,"Rarefaction",253.848563999457,13.563259479688,227.265063906297,280.432064092617,19
"winter",2,0.65,23.0655656422964,"Rarefaction",158.922685417059,7.25980760063723,144.69372398512,173.151646848998,19
"summer",0,0.65,21.7040413566279,"Rarefaction",567.90659240048,24.7326614358838,519.431466744325,616.381718056635,20
"summer",1,0.65,21.7040413566279,"Rarefaction",419.793786586346,17.1240611243951,386.23124351347,453.356329659223,20
"summer",2,0.65,21.7040413566279,"Rarefaction",289.689788020825,12.3220374654716,265.539038372347,313.840537669302,20
"winter",0,0.65,23.1003887966243,"Rarefaction",374.813872707652,27.0479222443266,321.800919252132,427.826826163172,20
"winter",1,0.65,23.1003887966243,"Rarefaction",256.698882204289,15.9598495269647,225.418151932759,287.979612475818,20
"winter",2,0.65,23.1003887966243,"Rarefaction",160.505954325525,8.23540267049095,144.364861693178,176.647046957872,20
"summer",0,0.65,19.7460647819572,"Rarefaction",529.130428018118,20.7683114264453,488.425285602574,569.835570433663,21
"summer",1,0.65,19.7460647819572,"Rarefaction",400.356449617117,14.3030022387006,372.323080358469,428.389818875766,21
"summer",2,0.65,19.7460647819572,"Rarefaction",284.150357569917,9.61162488979519,265.31191895301,302.988796186824,21
"winter",0,0.65,24.5200734336904,"Rarefaction",392.922713994229,27.5416566873313,338.942058812492,446.903369175965,21
"winter",1,0.65,24.5200734336904,"Rarefaction",265.898878461835,16.1047111074257,234.334224709859,297.463532213812,21
"winter",2,0.65,24.5200734336904,"Rarefaction",164.092074934218,9.01162934558554,146.429605974846,181.75454389359,21
"summer",0,0.65,20.2980606745774,"Rarefaction",537.491756962581,24.1097204158177,490.237573270248,584.745940654914,22
"summer",1,0.65,20.2980606745774,"Rarefaction",404.254682206158,16.6926759352934,371.537638567385,436.971725844932,22
"summer",2,0.65,20.2980606745774,"Rarefaction",285.272153961711,11.5844027780121,262.567141734402,307.977166189021,22
"winter",0,0.65,23.7219986321436,"Rarefaction",383.279614059138,29.3470005918419,325.760549844852,440.798678273424,22
"winter",1,0.65,23.7219986321436,"Rarefaction",260.446810889379,17.0495552580581,227.03029663116,293.863325147598,22
"winter",2,0.65,23.7219986321436,"Rarefaction",162.080496232628,9.24371096918214,143.963155649533,180.197836815723,22
"summer",0,0.65,20.4945410882822,"Rarefaction",539.172634824334,23.4582036545209,493.195400519467,585.149869129201,23
"summer",1,0.65,20.4945410882822,"Rarefaction",403.953838433023,15.635001985247,373.309797643727,434.597879222319,23
"summer",2,0.65,20.4945410882822,"Rarefaction",283.077887356392,10.3261680301288,262.838969919031,303.316804793754,23
"winter",0,0.65,23.803298291001,"Rarefaction",386.09272773887,25.5780554435203,335.960660275002,436.224795202738,23
"winter",1,0.65,23.803298291001,"Rarefaction",263.615314277763,15.2651821963476,233.69610695548,293.534521600046,23
"winter",2,0.65,23.803298291001,"Rarefaction",164.986158844999,9.17380137713766,147.005838544485,182.966479145513,23
"summer",0,0.65,19.7115567644422,"Rarefaction",520.016390656173,22.570008857088,475.77998616553,564.252795146815,24
"summer",1,0.65,19.7115567644422,"Rarefaction",394.669528311326,15.6564129634344,363.983522775909,425.355533846744,24
"summer",2,0.65,19.7115567644422,"Rarefaction",280.055627014288,10.870047277963,258.750725839233,301.360528189343,24
"winter",0,0.65,22.7500604187076,"Rarefaction",373.698265343992,27.5952852817997,319.612500048557,427.784030639428,24
"winter",1,0.65,22.7500604187076,"Rarefaction",257.121566247258,15.9227106327135,225.913626870887,288.32950562363,24
"winter",2,0.65,22.7500604187076,"Rarefaction",161.992132145276,8.4027870926234,145.522972073976,178.461292216576,24
"summer",0,0.65,22.0356291526888,"Rarefaction",570.205587227368,27.2245675360657,516.846415362001,623.564759092735,25
"summer",1,0.65,22.0356291526888,"Rarefaction",423.127318271757,18.5990489539358,386.673852175345,459.580784368168,25
"summer",2,0.65,22.0356291526888,"Rarefaction",291.413990097093,12.2002815565879,267.501877644933,315.326102549254,25
"winter",0,0.65,23.6803364909427,"Rarefaction",381.901936456764,27.1292026555375,328.729676322622,435.074196590906,25
"winter",1,0.65,23.6803364909427,"Rarefaction",259.83695464721,15.848642346617,228.774186443984,290.899722850435,25
"winter",2,0.65,23.6803364909427,"Rarefaction",161.871046918409,8.63925555886614,144.938417169794,178.803676667024,25
"summer",0,0.65,20.6590314287615,"Rarefaction",551.528389497195,24.4358236369377,503.635055236224,599.421723758165,26
"summer",1,0.65,20.6590314287615,"Rarefaction",415.78584099037,16.0201821453917,384.386860959631,447.18482102111,26
"summer",2,0.65,20.6590314287615,"Rarefaction",292.068792549432,10.7222985746407,271.053473511651,313.084111587213,26
"winter",0,0.65,22.9098322994147,"Rarefaction",373.402309425112,28.9739658759814,316.614379818896,430.190239031328,26
"winter",1,0.65,22.9098322994147,"Rarefaction",255.634968835665,16.6456815237658,223.01003255096,288.25990512037,26
"winter",2,0.65,22.9098322994147,"Rarefaction",160.938964831272,8.25124239481557,144.766826909724,177.111102752821,26
"summer",0,0.65,21.4193713814061,"Rarefaction",554.800803632587,23.5525908150373,508.638573892505,600.963033372669,27
"summer",1,0.65,21.4193713814061,"Rarefaction",413.761198934026,15.8856815514864,382.625835223241,444.896562644812,27
"summer",2,0.65,21.4193713814061,"Rarefaction",287.410425668287,10.7744199092192,266.292950691906,308.527900644668,27
"winter",0,0.65,24.8245667939739,"Rarefaction",397.220302326199,27.0354041055744,344.231883971787,450.208720680611,27
"winter",1,0.65,24.8245667939739,"Rarefaction",267.916863341057,15.4034041674331,237.726745933574,298.10698074854,27
"winter",2,0.65,24.8245667939739,"Rarefaction",164.347235246743,8.10661469481475,148.458562408363,180.235908085123,27
"summer",0,0.65,19.8837138091846,"Rarefaction",535.298049050627,24.4690221082954,487.339646981454,583.2564511198,28
"summer",1,0.65,19.8837138091846,"Rarefaction",405.398621467397,16.5718709866916,372.918351177037,437.878891757757,28
"summer",2,0.65,19.8837138091846,"Rarefaction",288.756849244706,10.8364844243471,267.517730053956,309.995968435455,28
"winter",0,0.65,23.9572827647173,"Rarefaction",387.738791707277,28.5558448020498,331.770364347144,443.70721906741,28
"winter",1,0.65,23.9572827647173,"Rarefaction",263.40438104084,16.6428720685809,230.784951187113,296.023810894566,28
"winter",2,0.65,23.9572827647173,"Rarefaction",163.41198873809,8.82674731124148,146.11188190742,180.712095568759,28
"summer",0,0.65,19.6335998651184,"Rarefaction",522.932674518468,24.0503054750295,475.794941970224,570.070407066712,29
"summer",1,0.65,19.6335998651184,"Rarefaction",392.176111236666,15.2482402762007,362.290109467699,422.062113005632,29
"summer",2,0.65,19.6335998651184,"Rarefaction",273.679562411759,9.27013840474984,255.510425006748,291.848699816771,29
"winter",0,0.65,22.5258936956826,"Rarefaction",363.988848881219,25.8747735528097,313.275224609583,414.702473152856,29
"winter",1,0.65,22.5258936956826,"Rarefaction",251.310947306362,14.9704696212687,221.969366017024,280.652528595699,29
"winter",2,0.65,22.5258936956826,"Rarefaction",159.728035437059,7.81825898355174,144.404529407491,175.051541466627,29
"summer",0,0.65,19.6432758958863,"Rarefaction",516.111131202989,23.4428984728278,470.163894503017,562.05836790296,30
"summer",1,0.65,19.6432758958863,"Rarefaction",389.802480750629,16.0845060646699,358.27742815476,421.327533346498,30
"summer",2,0.65,19.6432758958863,"Rarefaction",276.657805036364,10.9922968716273,255.113299060602,298.202311012126,30
"winter",0,0.65,24.5338910460547,"Rarefaction",396.013740027877,26.9255931408111,343.240547209509,448.786932846246,30
"winter",1,0.65,24.5338910460547,"Rarefaction",268.280501802096,14.8107518899602,239.251961513815,297.309042090376,30
"winter",2,0.65,24.5338910460547,"Rarefaction",164.538538550259,7.53971770160609,149.760963401512,179.316113699006,30
"summer",0,0.65,21.3281059266352,"Rarefaction",568.546944476483,25.462015792818,518.64231054877,618.451578404197,31
"summer",1,0.65,21.3281059266352,"Rarefaction",424.2877818103,17.2213006187199,390.534652830672,458.040910789928,31
"summer",2,0.65,21.3281059266352,"Rarefaction",293.56044621401,12.048032618508,269.94673619717,317.174156230849,31
"winter",0,0.65,22.7178572326637,"Rarefaction",369.819825349742,24.5439085242075,321.714648602449,417.925002097034,31
"winter",1,0.65,22.7178572326637,"Rarefaction",255.281349971821,14.9063077520644,226.065523635304,284.497176308337,31
"winter",2,0.65,22.7178572326637,"Rarefaction",161.240337228975,8.34513386627416,144.884175404912,177.596499053037,31
"summer",0,0.65,21.7227841960112,"Rarefaction",575.260645044429,25.9119115624071,524.474231611524,626.047058477334,32
"summer",1,0.65,21.7227841960112,"Rarefaction",425.426304559026,17.0733374907386,391.963177981281,458.889431136771,32
"summer",2,0.65,21.7227841960112,"Rarefaction",294.21502000641,11.4312768903484,271.810129004023,316.619911008798,32
"winter",0,0.65,24.515106166742,"Rarefaction",394.750966838526,29.1481918565933,337.62156058514,451.880373091913,32
"winter",1,0.65,24.515106166742,"Rarefaction",265.075522449816,17.165922904827,231.430931794964,298.720113104668,32
"winter",2,0.65,24.515106166742,"Rarefaction",162.371297246089,9.20187759531179,144.335948569132,180.406645923046,32
"summer",0,0.65,19.9075439776489,"Rarefaction",524.426501137025,26.2234259282517,473.029530766398,575.823471507652,33
"summer",1,0.65,19.9075439776489,"Rarefaction",395.782466352129,17.1929975040526,362.084810457899,429.480122246359,33
"summer",2,0.65,19.9075439776489,"Rarefaction",280.536589919672,11.0215601520522,258.934728968208,302.138450871136,33
"winter",0,0.65,22.7875071057703,"Rarefaction",371.568307107353,26.0866926297727,320.439329077232,422.697285137473,33
"winter",1,0.65,22.7875071057703,"Rarefaction",256.156972151178,15.5091719442945,225.759553710322,286.554390592034,33
"winter",2,0.65,22.7875071057703,"Rarefaction",161.258150186818,8.54763113933009,144.505101000598,178.011199373038,33
"summer",0,0.65,21.3229526285095,"Rarefaction",557.70377035164,25.0507369370775,508.605228168781,606.802312534499,34
"summer",1,0.65,21.3229526285095,"Rarefaction",416.414766256207,16.8940842675606,383.302969540004,449.526562972411,34
"summer",2,0.65,21.3229526285095,"Rarefaction",290.166415961813,11.2012438840167,268.212381367091,312.120450556536,34
"winter",0,0.65,23.9292934144379,"Rarefaction",386.499216743689,29.8526468159909,327.989104141152,445.009329346225,34
"winter",1,0.65,23.9292934144379,"Rarefaction",261.915099213664,17.0748715244482,228.448965985097,295.381232442232,34
"winter",2,0.65,23.9292934144379,"Rarefaction",161.164474425419,8.38734813722501,144.725574150659,177.603374700179,34
"summer",0,0.65,21.5302958193799,"Rarefaction",572.978611990555,28.4461824311916,517.225118927764,628.732105053346,35
"summer",1,0.65,21.5302958193799,"Rarefaction",428.288059599263,18.2706991886273,392.478147217189,464.097971981338,35
"summer",2,0.65,21.5302958193799,"Rarefaction",299.247191342481,11.5358493656508,276.637342054727,321.857040630236,35
"winter",0,0.65,24.5681785467509,"Rarefaction",394.342096705239,31.7767907633545,332.0607312648,456.623462145679,35
"winter",1,0.65,24.5681785467509,"Rarefaction",264.218154624113,17.8069002996215,229.31727136056,299.119037887667,35
"winter",2,0.65,24.5681785467509,"Rarefaction",160.821561107422,9.09693831547606,142.991889639507,178.651232575338,35
"summer",0,0.65,20.7508089212315,"Rarefaction",552.339823278487,23.3415658252344,506.591194918257,598.088451638718,36
"summer",1,0.65,20.7508089212315,"Rarefaction",415.799720649658,15.5934954664833,385.237031142262,446.362410157053,36
"summer",2,0.65,20.7508089212315,"Rarefaction",291.13895108244,10.5553032754264,270.450936816707,311.826965348173,36
"winter",0,0.65,21.9230217811884,"Rarefaction",362.897103915305,24.5733398696431,314.734242790942,411.059965039668,36
"winter",1,0.65,21.9230217811884,"Rarefaction",252.363106723037,15.4045262454689,222.170790083016,282.555423363058,36
"winter",2,0.65,21.9230217811884,"Rarefaction",161.42862912704,9.15969903879566,143.475948901775,179.381309352306,36
"summer",0,0.65,21.6954226554964,"Rarefaction",556.789787095866,27.6864096847893,502.525421252457,611.054152939274,37
"summer",1,0.65,21.6954226554964,"Rarefaction",412.456148184087,18.3255581585943,376.538714196648,448.373582171526,37
"summer",2,0.65,21.6954226554964,"Rarefaction",285.855937168354,11.7987884467945,262.73073675143,308.981137585278,37
"winter",0,0.65,24.7874926349494,"Rarefaction",396.769630239634,30.2365479711622,337.507085199339,456.032175279929,37
"winter",1,0.65,24.7874926349494,"Rarefaction",268.469149172603,17.3414235439255,234.480583585854,302.457714759352,37
"winter",2,0.65,24.7874926349494,"Rarefaction",165.144722586859,8.7507353006921,147.993596559259,182.295848614459,37
"summer",0,0.65,21.9844829107697,"Rarefaction",574.078328019128,30.6018051394739,514.099892083846,634.05676395441,38
"summer",1,0.65,21.9844829107697,"Rarefaction",425.97697015835,20.1177973757311,386.546811853642,465.407128463057,38
"summer",2,0.65,21.9844829107697,"Rarefaction",295.174404369646,12.7884550695565,270.109493015407,320.239315723886,38
"winter",0,0.65,23.3465447481239,"Rarefaction",376.604489490576,23.9489375090429,329.665434504852,423.543544476301,38
"winter",1,0.65,23.3465447481239,"Rarefaction",259.05243818985,14.375540759086,230.876896043753,287.227980335946,38
"winter",2,0.65,23.3465447481239,"Rarefaction",162.745506651101,8.29941758789957,146.478947086159,179.012066216042,38
"summer",0,0.65,20.967028031587,"Rarefaction",549.27392538304,25.3449257651341,499.598783692536,598.949067073544,39
"summer",1,0.65,20.967028031587,"Rarefaction",411.599115453254,16.4466869761817,379.364201314933,443.834029591574,39
"summer",2,0.65,20.967028031587,"Rarefaction",287.513670934009,10.7665832371576,266.411555552627,308.61578631539,39
"winter",0,0.65,23.4181637349363,"Rarefaction",379.996275447274,26.0560596039743,328.927337044456,431.065213850093,39
"winter",1,0.65,23.4181637349363,"Rarefaction",259.10140508831,14.8818705897679,229.933474709779,288.269335466841,39
"winter",2,0.65,23.4181637349363,"Rarefaction",161.381458870775,7.77928274425485,146.134344866481,176.628572875068,39
"summer",0,0.65,20.279525376154,"Rarefaction",544.900534402224,21.1730813709479,503.40205747343,586.399011331017,40
"summer",1,0.65,20.279525376154,"Rarefaction",412.559263615654,14.7934505324621,383.564633364954,441.553893866355,40
"summer",2,0.65,20.279525376154,"Rarefaction",291.730021068565,10.9028818626803,270.360765290016,313.099276847113,40
"winter",0,0.65,24.4719963028367,"Rarefaction",390.450347216902,25.8801915014782,339.726103961005,441.174590472799,40
"winter",1,0.65,24.4719963028367,"Rarefaction",263.759937289746,15.4513719931126,233.475804671514,294.044069907978,40
"winter",2,0.65,24.4719963028367,"Rarefaction",163.228807475746,8.86262138466249,145.858388753193,180.599226198299,40
"summer",0,0.65,20.7573472380828,"Rarefaction",543.274258474307,25.6078499527706,493.083794845371,593.464722103243,41
"summer",1,0.65,20.7573472380828,"Rarefaction",407.687827514021,17.597453099818,373.197453218745,442.178201809297,41
"summer",2,0.65,20.7573472380828,"Rarefaction",285.981308284325,11.3707157429013,263.695114949796,308.267501618855,41
"winter",0,0.65,23.8954788193413,"Rarefaction",385.281079620655,31.0043120443348,324.513744648318,446.048414592993,41
"winter",1,0.65,23.8954788193413,"Rarefaction",263.667739490918,17.886059130027,228.611707770711,298.723771211125,41
"winter",2,0.65,23.8954788193413,"Rarefaction",164.467419475262,9.02250459009337,146.783635428331,182.151203522192,41
"summer",0,0.65,20.7392116360377,"Rarefaction",556.278962010563,25.0622924460105,507.157771446372,605.400152574754,42
"summer",1,0.65,20.7392116360377,"Rarefaction",417.833269227402,17.8256559140659,382.89562563503,452.770912819775,42
"summer",2,0.65,20.7392116360377,"Rarefaction",292.750595226566,12.5210375169211,268.209812644326,317.291377808806,42
"winter",0,0.65,24.2349262651949,"Rarefaction",390.787089938088,28.9434992347796,334.058873851358,447.515306024819,42
"winter",1,0.65,24.2349262651949,"Rarefaction",264.6931256962,17.04245067848,231.290536158079,298.095715234321,42
"winter",2,0.65,24.2349262651949,"Rarefaction",163.398977832285,8.78907997384547,146.172697626305,180.625258038264,42
"summer",0,0.65,20.8909521160515,"Rarefaction",553.351504538559,25.8763961236869,502.634700086441,604.068308990677,43
"summer",1,0.65,20.8909521160515,"Rarefaction",415.990603601152,17.7593137285065,381.182988303131,450.798218899172,43
"summer",2,0.65,20.8909521160515,"Rarefaction",292.744704785701,12.1422239431489,268.946383164909,316.543026406492,43
"winter",0,0.65,23.5131109892512,"Rarefaction",378.076597800623,29.2435150785858,320.760361465241,435.392834136005,43
"winter",1,0.65,23.5131109892512,"Rarefaction",256.5496504821,16.9759938574906,223.277313919645,289.821987044555,43
"winter",2,0.65,23.5131109892512,"Rarefaction",159.673608653432,9.08080443032967,141.875559019334,177.47165828753,43
"summer",0,0.65,20.892308132495,"Rarefaction",552.374234529317,29.7803677506532,494.005786291678,610.742682766955,44
"summer",1,0.65,20.892308132495,"Rarefaction",413.382693883508,20.7217801587096,372.76875107688,453.996636690135,44
"summer",2,0.65,20.892308132495,"Rarefaction",288.834486738974,13.5900567533321,262.198464954587,315.47050852336,44
"winter",0,0.65,25.0566887524548,"Rarefaction",395.768701084317,30.0305637416068,336.909877715333,454.627524453301,44
"winter",1,0.65,25.0566887524548,"Rarefaction",263.110456461149,16.3428127488291,231.079132067362,295.141780854936,44
"winter",2,0.65,25.0566887524548,"Rarefaction",159.74994449571,7.85284432843359,144.35865243578,175.141236555639,44
"summer",0,0.65,20.1703752083326,"Rarefaction",528.801914454763,25.9865371142667,477.869237627887,579.734591281639,45
"summer",1,0.65,20.1703752083326,"Rarefaction",397.00965222643,17.8009265857657,362.120477226888,431.898827225973,45
"summer",2,0.65,20.1703752083326,"Rarefaction",277.574647981042,11.9248446952876,254.202381857045,300.94691410504,45
"winter",0,0.65,25.466803784269,"Rarefaction",402.196364267236,30.8611389828337,341.709643338997,462.683085195475,45
"winter",1,0.65,25.466803784269,"Rarefaction",269.450524021499,17.0737132255469,235.986661017062,302.914387025936,45
"winter",2,0.65,25.466803784269,"Rarefaction",164.097558951484,9.02065814297584,146.417393874403,181.777724028565,45
"summer",0,0.65,20.2269120762923,"Rarefaction",533.067881783678,23.7197514438867,486.578023231418,579.557740335938,46
"summer",1,0.65,20.2269120762923,"Rarefaction",401.833062082877,15.9811493254476,370.510584973443,433.155539192311,46
"summer",2,0.65,20.2269120762923,"Rarefaction",284.077937348737,10.4421475440349,263.611704241175,304.544170456299,46
"winter",0,0.65,23.8145795244823,"Rarefaction",381.474730485798,30.754781768491,321.196465867167,441.75299510443,46
"winter",1,0.65,23.8145795244823,"Rarefaction",259.019455270579,16.8950862961531,225.905694614422,292.133215926735,46
"winter",2,0.65,23.8145795244823,"Rarefaction",160.346718542929,8.24864894726251,144.17966368518,176.513773400678,46
"summer",0,0.65,19.8730795286267,"Rarefaction",530.444308611291,21.8685852513995,487.582669125704,573.305948096878,47
"summer",1,0.65,19.8730795286267,"Rarefaction",401.020650463635,15.1742882514156,371.279591999831,430.761708927439,47
"summer",2,0.65,19.8730795286267,"Rarefaction",284.431349719761,10.5774523522973,263.69992406107,305.162775378452,47
"winter",0,0.65,23.7097415591363,"Rarefaction",380.236837530152,27.2867837445048,326.75572413699,433.717950923314,47
"winter",1,0.65,23.7097415591363,"Rarefaction",256.554597460066,16.0753784062169,225.047434746028,288.061760174104,47
"winter",2,0.65,23.7097415591363,"Rarefaction",158.072652679016,8.65243848148921,141.114184876848,175.031120481183,47
"summer",0,0.65,21.353463797031,"Rarefaction",559.608132127552,27.9934201313457,504.742036866016,614.474227389088,48
"summer",1,0.65,21.353463797031,"Rarefaction",417.322335089526,19.1242375465223,379.839518266554,454.805151912499,48
"summer",2,0.65,21.353463797031,"Rarefaction",289.804490136963,12.7712798495671,264.773241595329,314.835738678596,48
"winter",0,0.65,24.1071576133801,"Rarefaction",391.243295026713,30.2910179083723,331.873990871245,450.61259918218,48
"winter",1,0.65,24.1071576133801,"Rarefaction",263.776295083929,16.8054571881724,230.838204251381,296.714385916476,48
"winter",2,0.65,24.1071576133801,"Rarefaction",161.86102920697,8.10582306176291,145.973907940861,177.74815047308,48
"summer",0,0.65,20.8073323963798,"Rarefaction",551.18162702495,30.2282122155499,491.935419765439,610.427834284462,49
"summer",1,0.65,20.8073323963798,"Rarefaction",412.26350109701,20.0049630684458,373.054493970802,451.472508223218,49
"summer",2,0.65,20.8073323963798,"Rarefaction",289.779898587271,13.0325340389158,264.236601243704,315.323195930838,49
"winter",0,0.65,24.699525389033,"Rarefaction",394.746739850145,30.6866095758759,334.602090273786,454.891389426504,49
"winter",1,0.65,24.699525389033,"Rarefaction",264.249929444656,16.205251418372,232.48822030423,296.011638585082,49
"winter",2,0.65,24.699525389033,"Rarefaction",161.79829946553,7.43297253579123,147.229940997304,176.366657933756,49
"summer",0,0.65,21.7393663645231,"Rarefaction",563.440956790155,30.9680010340888,502.744790090142,624.137123490168,50
"summer",1,0.65,21.7393663645231,"Rarefaction",414.575377182346,19.9123415215948,375.547904952159,453.602849412533,50
"summer",2,0.65,21.7393663645231,"Rarefaction",285.198012990845,12.7555532269794,260.197588063082,310.198437918609,50
"winter",0,0.65,23.3465940649068,"Rarefaction",376.347545612631,28.91721960592,319.670836651992,433.02425457327,50
"winter",1,0.65,23.3465940649068,"Rarefaction",256.647885707299,16.818414883209,223.684398259157,289.611373155441,50
"winter",2,0.65,23.3465940649068,"Rarefaction",160.117878567419,8.78322382302666,142.903076206133,177.332680928706,50
