"check","group","quantity","value"
"leave-one-out influence","Season-adjusted","freq. slope (p)","0.224 (p=0.169)"
"leave-one-out influence","Drop-Year","freq. slope (p)","0.359 (p=0.051)"
"leave-one-out influence","Season-adjusted","LOO slope range","0.023 to 0.280"
"leave-one-out influence","Drop-Year","LOO slope range","0.068 to 0.433"
"leave-one-out influence","Season-adjusted","# of n-1 refits with p>0.05","27"
"leave-one-out influence","Drop-Year","# of n-1 refits with p>0.05","16"
"leave-one-out influence","Season-adjusted","most influential sample","S_1_7_P1_8E"
"leave-one-out influence","Drop-Year","most influential sample","S_1_7_P1_8E"
"rank correlation (Spearman, unadjusted)","overall","rho (n=27)","-0.089 (p=0.659)"
"rank correlation (Spearman, unadjusted)","within winter","rho (n=16)","0.045 (p=0.869)"
"rank correlation (Spearman, unadjusted)","within summer","rho (n=11)","0.214 (p=0.528)"
