"OTU_ID","part","plant","slope_med","slope_lwr95","slope_upr95","dev_med","dev_lwr95","dev_upr95","dev_resolved95","Genus","guild_group"
"OTU1","abundance","Betula",0.406,-0.326,1.037,-0.029,-0.673,0.293,FALSE,"Thelebolus","coprophilous"
"OTU1183","abundance","Betula",0.46,-0.209,1.152,-0.004,-0.539,0.448,FALSE,"Phenoliferia","other/unassigned"
"OTU1225","abundance","Betula",0.507,-0.115,1.18,0.007,-0.39,0.512,FALSE,"Coniochaeta","coprophilous"
"OTU1226","abundance","Betula",0.462,-0.227,1.122,-0.005,-0.543,0.421,FALSE,"Phenoliferia","other/unassigned"
"OTU1242","abundance","Betula",0.524,-0.107,1.312,0.018,-0.375,0.669,FALSE,"Spirographa","other/unassigned"
"OTU1271","abundance","Betula",0.452,-0.237,1.131,-0.007,-0.552,0.412,FALSE,"Aureobasidium","plant_associated"
"OTU1279","abundance","Betula",0.486,-0.193,1.177,0.001,-0.482,0.497,FALSE,NA,"other/unassigned"
"OTU1283","abundance","Betula",0.504,-0.131,1.257,0.007,-0.422,0.58,FALSE,NA,"other/unassigned"
"OTU1289","abundance","Betula",0.502,-0.141,1.22,0.007,-0.421,0.539,FALSE,"Dothideales_gen_Incertae_sedis","other/unassigned"
"OTU1305","abundance","Betula",0.535,-0.066,1.293,0.024,-0.313,0.644,FALSE,NA,"coprophilous"
"OTU1320","abundance","Betula",0.489,-0.12,1.151,0.004,-0.417,0.473,FALSE,NA,"coprophilous"
"OTU1340","abundance","Betula",0.474,-0.177,1.185,0,-0.518,0.509,FALSE,NA,"other/unassigned"
"OTU136","abundance","Betula",0.512,-0.113,1.225,0.011,-0.374,0.547,FALSE,"Candida","plant_associated"
"OTU1365","abundance","Betula",0.48,-0.203,1.219,0.001,-0.511,0.509,FALSE,"Perusta","other/unassigned"
"OTU1369","abundance","Betula",0.508,-0.142,1.287,0.012,-0.39,0.597,FALSE,NA,"other/unassigned"
"OTU1370","abundance","Betula",0.468,-0.195,1.18,-0.002,-0.506,0.501,FALSE,NA,"other/unassigned"
"OTU1427","abundance","Betula",0.498,-0.112,1.168,0.006,-0.393,0.487,FALSE,NA,"other/unassigned"
"OTU175","abundance","Betula",0.401,-0.337,1.022,-0.035,-0.715,0.279,FALSE,"Mrakiaceae_gen_Incertae_sedis","other/unassigned"
"OTU176","abundance","Betula",0.471,-0.204,1.19,0,-0.525,0.512,FALSE,"Dothiora","other/unassigned"
"OTU192","abundance","Betula",0.477,-0.191,1.179,-0.001,-0.48,0.509,FALSE,"Kabatiella","plant_associated"
"OTU2","abundance","Betula",0.493,-0.135,1.18,0.004,-0.419,0.512,FALSE,"Myriangiales_gen_Incertae_sedis","other/unassigned"
"OTU21","abundance","Betula",0.49,-0.15,1.178,0.003,-0.433,0.504,FALSE,"Venturia","plant_associated"
"OTU252","abundance","Betula",0.509,-0.136,1.259,0.01,-0.391,0.602,FALSE,NA,"plant_associated"
"OTU258","abundance","Betula",0.475,-0.173,1.143,-0.001,-0.466,0.473,FALSE,NA,"other/unassigned"
"OTU32","abundance","Betula",0.485,-0.147,1.186,0.003,-0.453,0.516,FALSE,"Phenoliferia","other/unassigned"
"OTU320","abundance","Betula",0.47,-0.176,1.106,-0.003,-0.478,0.411,FALSE,NA,"other/unassigned"
"OTU340","abundance","Betula",0.451,-0.252,1.107,-0.008,-0.576,0.393,FALSE,"Cladosporium","plant_associated"
"OTU381","abundance","Betula",0.464,-0.229,1.197,-0.003,-0.542,0.49,FALSE,NA,"other/unassigned"
"OTU45","abundance","Betula",0.386,-0.369,0.992,-0.047,-0.744,0.243,FALSE,"Coleophoma","plant_associated"
"OTU483","abundance","Betula",0.424,-0.3,1.077,-0.021,-0.626,0.338,FALSE,NA,"plant_associated"
"OTU554","abundance","Betula",0.494,-0.151,1.17,0.003,-0.429,0.496,FALSE,"Exobasidium","plant_associated"
"OTU594","abundance","Betula",0.441,-0.278,1.103,-0.012,-0.621,0.369,FALSE,"Taphrina","plant_associated"
"OTU628","abundance","Betula",0.484,-0.188,1.211,0.002,-0.486,0.518,FALSE,"Frutidella","other/unassigned"
"OTU636","abundance","Betula",0.448,-0.212,1.112,-0.008,-0.548,0.412,FALSE,"Sporormiella","coprophilous"
"OTU637","abundance","Betula",0.489,-0.172,1.195,0.002,-0.468,0.51,FALSE,NA,"other/unassigned"
"OTU651","abundance","Betula",0.462,-0.221,1.123,-0.005,-0.518,0.421,FALSE,NA,"other/unassigned"
"OTU691","abundance","Betula",0.501,-0.156,1.213,0.005,-0.429,0.561,FALSE,NA,"other/unassigned"
"OTU715","abundance","Betula",0.497,-0.156,1.245,0.006,-0.432,0.561,FALSE,NA,"other/unassigned"
"OTU733","abundance","Betula",0.49,-0.186,1.22,0.004,-0.454,0.555,FALSE,"Psilolechiaceae_gen_Incertae_sedis","other/unassigned"
"OTU758","abundance","Betula",0.412,-0.292,1.043,-0.028,-0.638,0.31,FALSE,"Meristemomyces","plant_associated"
"OTU788","abundance","Betula",0.467,-0.251,1.17,-0.002,-0.53,0.481,FALSE,NA,"other/unassigned"
"OTU827","abundance","Betula",0.502,-0.117,1.212,0.007,-0.406,0.55,FALSE,NA,"other/unassigned"
"OTU9","abundance","Betula",0.506,-0.141,1.261,0.011,-0.417,0.601,FALSE,"Cladosporium","plant_associated"
"OTU911","abundance","Betula",0.494,-0.186,1.228,0.005,-0.475,0.557,FALSE,NA,"other/unassigned"
"OTU92","abundance","Betula",0.559,-0.054,1.389,0.037,-0.277,0.751,FALSE,NA,"coprophilous"
"OTU97","abundance","Betula",0.47,-0.169,1.132,0,-0.486,0.438,FALSE,NA,"other/unassigned"
"OTU1","abundance","Vaccinium myrtillus",0.347,-0.301,1.128,0.032,-0.298,0.722,FALSE,"Thelebolus","coprophilous"
"OTU1183","abundance","Vaccinium myrtillus",0.272,-0.476,0.955,-0.001,-0.529,0.48,FALSE,"Phenoliferia","other/unassigned"
"OTU1225","abundance","Vaccinium myrtillus",0.241,-0.499,0.924,-0.006,-0.574,0.429,FALSE,"Coniochaeta","coprophilous"
"OTU1226","abundance","Vaccinium myrtillus",0.282,-0.395,1.001,0.003,-0.452,0.546,FALSE,"Phenoliferia","other/unassigned"
"OTU1242","abundance","Vaccinium myrtillus",0.174,-0.726,0.854,-0.041,-0.865,0.29,FALSE,"Spirographa","other/unassigned"
"OTU1271","abundance","Vaccinium myrtillus",0.31,-0.362,1.068,0.013,-0.403,0.654,FALSE,"Aureobasidium","plant_associated"
"OTU1279","abundance","Vaccinium myrtillus",0.267,-0.468,0.989,0,-0.532,0.523,FALSE,NA,"other/unassigned"
"OTU1283","abundance","Vaccinium myrtillus",0.241,-0.555,0.932,-0.01,-0.663,0.421,FALSE,NA,"other/unassigned"
"OTU1289","abundance","Vaccinium myrtillus",0.276,-0.46,1.011,0.002,-0.528,0.552,FALSE,"Dothideales_gen_Incertae_sedis","other/unassigned"
"OTU1305","abundance","Vaccinium myrtillus",0.203,-0.605,0.85,-0.026,-0.718,0.325,FALSE,NA,"coprophilous"
"OTU1320","abundance","Vaccinium myrtillus",0.304,-0.348,1.01,0.01,-0.392,0.57,FALSE,NA,"coprophilous"
"OTU1340","abundance","Vaccinium myrtillus",0.274,-0.432,1.021,0.002,-0.499,0.548,FALSE,NA,"other/unassigned"
"OTU136","abundance","Vaccinium myrtillus",0.25,-0.467,0.925,-0.006,-0.553,0.452,FALSE,"Candida","plant_associated"
"OTU1365","abundance","Vaccinium myrtillus",0.263,-0.455,0.997,0,-0.542,0.519,FALSE,"Perusta","other/unassigned"
"OTU1369","abundance","Vaccinium myrtillus",0.24,-0.548,0.917,-0.009,-0.646,0.426,FALSE,NA,"other/unassigned"
"OTU1370","abundance","Vaccinium myrtillus",0.305,-0.397,1.059,0.01,-0.444,0.627,FALSE,NA,"other/unassigned"
"OTU1427","abundance","Vaccinium myrtillus",0.25,-0.449,0.933,-0.003,-0.529,0.458,FALSE,NA,"other/unassigned"
"OTU175","abundance","Vaccinium myrtillus",0.294,-0.399,1.035,0.009,-0.437,0.616,FALSE,"Mrakiaceae_gen_Incertae_sedis","other/unassigned"
"OTU176","abundance","Vaccinium myrtillus",0.264,-0.46,0.955,-0.001,-0.545,0.477,FALSE,"Dothiora","other/unassigned"
"OTU192","abundance","Vaccinium myrtillus",0.269,-0.458,0.998,0,-0.554,0.542,FALSE,"Kabatiella","plant_associated"
"OTU2","abundance","Vaccinium myrtillus",0.298,-0.386,1.039,0.01,-0.417,0.586,FALSE,"Myriangiales_gen_Incertae_sedis","other/unassigned"
"OTU21","abundance","Vaccinium myrtillus",0.284,-0.393,1.009,0.005,-0.462,0.573,FALSE,"Venturia","plant_associated"
"OTU252","abundance","Vaccinium myrtillus",0.24,-0.458,0.893,-0.009,-0.553,0.414,FALSE,NA,"plant_associated"
"OTU258","abundance","Vaccinium myrtillus",0.23,-0.517,0.91,-0.011,-0.607,0.412,FALSE,NA,"other/unassigned"
"OTU32","abundance","Vaccinium myrtillus",0.28,-0.437,0.998,0.002,-0.476,0.527,FALSE,"Phenoliferia","other/unassigned"
"OTU320","abundance","Vaccinium myrtillus",0.285,-0.406,1.019,0.006,-0.472,0.565,FALSE,NA,"other/unassigned"
"OTU340","abundance","Vaccinium myrtillus",0.285,-0.405,1.012,0.004,-0.473,0.538,FALSE,"Cladosporium","plant_associated"
"OTU381","abundance","Vaccinium myrtillus",0.289,-0.405,1.012,0.005,-0.44,0.567,FALSE,NA,"other/unassigned"
"OTU45","abundance","Vaccinium myrtillus",0.32,-0.346,1.113,0.019,-0.358,0.694,FALSE,"Coleophoma","plant_associated"
"OTU483","abundance","Vaccinium myrtillus",0.306,-0.372,1.071,0.011,-0.393,0.648,FALSE,NA,"plant_associated"
"OTU554","abundance","Vaccinium myrtillus",0.241,-0.523,0.919,-0.009,-0.641,0.424,FALSE,"Exobasidium","plant_associated"
"OTU594","abundance","Vaccinium myrtillus",0.319,-0.366,1.111,0.018,-0.391,0.693,FALSE,"Taphrina","plant_associated"
"OTU628","abundance","Vaccinium myrtillus",0.264,-0.455,0.971,-0.001,-0.551,0.519,FALSE,"Frutidella","other/unassigned"
"OTU636","abundance","Vaccinium myrtillus",0.349,-0.306,1.176,0.034,-0.296,0.77,FALSE,"Sporormiella","coprophilous"
"OTU637","abundance","Vaccinium myrtillus",0.224,-0.541,0.86,-0.019,-0.646,0.37,FALSE,NA,"other/unassigned"
"OTU651","abundance","Vaccinium myrtillus",0.288,-0.404,1.017,0.004,-0.463,0.56,FALSE,NA,"other/unassigned"
"OTU691","abundance","Vaccinium myrtillus",0.251,-0.488,0.944,-0.004,-0.593,0.464,FALSE,NA,"other/unassigned"
"OTU715","abundance","Vaccinium myrtillus",0.239,-0.53,0.92,-0.008,-0.635,0.428,FALSE,NA,"other/unassigned"
"OTU733","abundance","Vaccinium myrtillus",0.25,-0.488,0.958,-0.006,-0.567,0.457,FALSE,"Psilolechiaceae_gen_Incertae_sedis","other/unassigned"
"OTU758","abundance","Vaccinium myrtillus",0.347,-0.315,1.246,0.032,-0.309,0.819,FALSE,"Meristemomyces","plant_associated"
"OTU788","abundance","Vaccinium myrtillus",0.3,-0.376,1.085,0.009,-0.436,0.643,FALSE,NA,"other/unassigned"
"OTU827","abundance","Vaccinium myrtillus",0.259,-0.485,0.96,-0.003,-0.554,0.506,FALSE,NA,"other/unassigned"
"OTU9","abundance","Vaccinium myrtillus",0.216,-0.568,0.893,-0.02,-0.705,0.385,FALSE,"Cladosporium","plant_associated"
"OTU911","abundance","Vaccinium myrtillus",0.267,-0.497,0.965,-0.001,-0.578,0.514,FALSE,NA,"other/unassigned"
"OTU92","abundance","Vaccinium myrtillus",0.193,-0.676,0.84,-0.036,-0.792,0.298,FALSE,NA,"coprophilous"
"OTU97","abundance","Vaccinium myrtillus",0.272,-0.436,0.972,0.001,-0.503,0.524,FALSE,NA,"other/unassigned"
"OTU1","abundance","Vaccinium uliginosum",-0.181,-0.98,0.366,-0.028,-0.807,0.457,FALSE,"Thelebolus","coprophilous"
"OTU1183","abundance","Vaccinium uliginosum",-0.065,-0.62,0.64,0.035,-0.431,0.779,FALSE,"Phenoliferia","other/unassigned"
"OTU1225","abundance","Vaccinium uliginosum",-0.217,-1.114,0.312,-0.055,-0.93,0.381,FALSE,"Coniochaeta","coprophilous"
"OTU1226","abundance","Vaccinium uliginosum",-0.131,-0.717,0.46,0,-0.555,0.579,FALSE,"Phenoliferia","other/unassigned"
"OTU1242","abundance","Vaccinium uliginosum",-0.193,-1.168,0.422,-0.033,-0.981,0.5,FALSE,"Spirographa","other/unassigned"
"OTU1271","abundance","Vaccinium uliginosum",-0.024,-0.594,1.067,0.069,-0.39,1.168,FALSE,"Aureobasidium","plant_associated"
"OTU1279","abundance","Vaccinium uliginosum",-0.107,-0.81,0.66,0.01,-0.608,0.754,FALSE,NA,"other/unassigned"
"OTU1283","abundance","Vaccinium uliginosum",-0.138,-0.886,0.553,-0.003,-0.695,0.65,FALSE,NA,"other/unassigned"
"OTU1289","abundance","Vaccinium uliginosum",-0.19,-1.139,0.389,-0.034,-0.947,0.462,FALSE,"Dothideales_gen_Incertae_sedis","other/unassigned"
"OTU1305","abundance","Vaccinium uliginosum",-0.195,-1.08,0.39,-0.032,-0.89,0.46,FALSE,NA,"coprophilous"
"OTU1320","abundance","Vaccinium uliginosum",-0.097,-0.646,0.53,0.016,-0.462,0.666,FALSE,NA,"coprophilous"
"OTU1340","abundance","Vaccinium uliginosum",-0.139,-0.955,0.591,-0.002,-0.764,0.689,FALSE,NA,"other/unassigned"
"OTU136","abundance","Vaccinium uliginosum",-0.086,-0.7,0.632,0.021,-0.493,0.751,FALSE,"Candida","plant_associated"
"OTU1365","abundance","Vaccinium uliginosum",-0.105,-0.823,0.684,0.01,-0.622,0.785,FALSE,"Perusta","other/unassigned"
"OTU1369","abundance","Vaccinium uliginosum",-0.172,-1.032,0.448,-0.019,-0.851,0.532,FALSE,NA,"other/unassigned"
"OTU1370","abundance","Vaccinium uliginosum",-0.227,-1.301,0.336,-0.056,-1.109,0.409,FALSE,NA,"other/unassigned"
"OTU1427","abundance","Vaccinium uliginosum",-0.154,-0.837,0.419,-0.009,-0.652,0.512,FALSE,NA,"other/unassigned"
"OTU175","abundance","Vaccinium uliginosum",-0.2,-1.035,0.357,-0.037,-0.853,0.432,FALSE,"Mrakiaceae_gen_Incertae_sedis","other/unassigned"
"OTU176","abundance","Vaccinium uliginosum",-0.085,-0.727,0.724,0.023,-0.526,0.835,FALSE,"Dothiora","other/unassigned"
"OTU192","abundance","Vaccinium uliginosum",-0.13,-0.955,0.651,0,-0.728,0.729,FALSE,"Kabatiella","plant_associated"
"OTU2","abundance","Vaccinium uliginosum",-0.282,-1.362,0.222,-0.115,-1.179,0.262,FALSE,"Myriangiales_gen_Incertae_sedis","other/unassigned"
"OTU21","abundance","Vaccinium uliginosum",-0.054,-0.573,0.679,0.044,-0.399,0.822,FALSE,"Venturia","plant_associated"
"OTU252","abundance","Vaccinium uliginosum",-0.113,-0.716,0.535,0.007,-0.513,0.62,FALSE,NA,"plant_associated"
"OTU258","abundance","Vaccinium uliginosum",-0.041,-0.567,0.775,0.059,-0.368,0.899,FALSE,NA,"other/unassigned"
"OTU32","abundance","Vaccinium uliginosum",-0.127,-0.825,0.537,0.001,-0.624,0.626,FALSE,"Phenoliferia","other/unassigned"
"OTU320","abundance","Vaccinium uliginosum",-0.159,-0.907,0.456,-0.015,-0.731,0.565,FALSE,NA,"other/unassigned"
"OTU340","abundance","Vaccinium uliginosum",-0.069,-0.695,0.794,0.031,-0.491,0.904,FALSE,"Cladosporium","plant_associated"
"OTU381","abundance","Vaccinium uliginosum",-0.131,-0.846,0.527,-0.001,-0.641,0.629,FALSE,NA,"other/unassigned"
"OTU45","abundance","Vaccinium uliginosum",-0.169,-0.938,0.391,-0.018,-0.747,0.494,FALSE,"Coleophoma","plant_associated"
"OTU483","abundance","Vaccinium uliginosum",0.029,-0.475,1.054,0.123,-0.245,1.174,FALSE,NA,"plant_associated"
"OTU554","abundance","Vaccinium uliginosum",-0.077,-0.7,0.781,0.028,-0.498,0.898,FALSE,"Exobasidium","plant_associated"
"OTU594","abundance","Vaccinium uliginosum",-0.125,-0.896,0.61,0.001,-0.679,0.712,FALSE,"Taphrina","plant_associated"
"OTU628","abundance","Vaccinium uliginosum",-0.089,-0.689,0.666,0.02,-0.512,0.766,FALSE,"Frutidella","other/unassigned"
"OTU636","abundance","Vaccinium uliginosum",-0.15,-0.868,0.47,-0.008,-0.683,0.563,FALSE,"Sporormiella","coprophilous"
"OTU637","abundance","Vaccinium uliginosum",-0.166,-0.898,0.415,-0.019,-0.699,0.512,FALSE,NA,"other/unassigned"
"OTU651","abundance","Vaccinium uliginosum",-0.02,-0.527,0.835,0.073,-0.326,0.957,FALSE,NA,"other/unassigned"
"OTU691","abundance","Vaccinium uliginosum",-0.138,-0.964,0.595,-0.002,-0.766,0.702,FALSE,NA,"other/unassigned"
"OTU715","abundance","Vaccinium uliginosum",-0.153,-0.98,0.544,-0.009,-0.785,0.654,FALSE,NA,"other/unassigned"
"OTU733","abundance","Vaccinium uliginosum",-0.14,-0.911,0.563,-0.003,-0.732,0.665,FALSE,"Psilolechiaceae_gen_Incertae_sedis","other/unassigned"
"OTU758","abundance","Vaccinium uliginosum",-0.217,-1.103,0.335,-0.05,-0.926,0.386,FALSE,"Meristemomyces","plant_associated"
"OTU788","abundance","Vaccinium uliginosum",-0.24,-1.365,0.311,-0.075,-1.168,0.365,FALSE,NA,"other/unassigned"
"OTU827","abundance","Vaccinium uliginosum",-0.108,-0.851,0.671,0.008,-0.64,0.768,FALSE,NA,"other/unassigned"
"OTU9","abundance","Vaccinium uliginosum",-0.085,-0.736,0.738,0.022,-0.52,0.875,FALSE,"Cladosporium","plant_associated"
"OTU911","abundance","Vaccinium uliginosum",-0.13,-0.93,0.626,0,-0.746,0.713,FALSE,NA,"other/unassigned"
"OTU92","abundance","Vaccinium uliginosum",-0.086,-0.672,0.644,0.02,-0.482,0.776,FALSE,NA,"coprophilous"
"OTU97","abundance","Vaccinium uliginosum",-0.082,-0.706,0.7,0.023,-0.498,0.806,FALSE,NA,"other/unassigned"
"OTU1","abundance","Empetrum nigrum",0.124,-0.375,0.695,0.008,-0.398,0.547,FALSE,"Thelebolus","coprophilous"
"OTU1183","abundance","Empetrum nigrum",0.085,-0.496,0.555,-0.007,-0.539,0.397,FALSE,"Phenoliferia","other/unassigned"
"OTU1225","abundance","Empetrum nigrum",0.096,-0.386,0.567,-0.002,-0.424,0.401,FALSE,"Coniochaeta","coprophilous"
"OTU1226","abundance","Empetrum nigrum",0.107,-0.433,0.614,0.001,-0.453,0.49,FALSE,"Phenoliferia","other/unassigned"
"OTU1242","abundance","Empetrum nigrum",0.11,-0.392,0.638,0.003,-0.433,0.477,FALSE,"Spirographa","other/unassigned"
"OTU1271","abundance","Empetrum nigrum",0.117,-0.389,0.661,0.006,-0.425,0.511,FALSE,"Aureobasidium","plant_associated"
"OTU1279","abundance","Empetrum nigrum",0.102,-0.431,0.607,0,-0.459,0.437,FALSE,NA,"other/unassigned"
"OTU1283","abundance","Empetrum nigrum",0.099,-0.465,0.606,-0.002,-0.511,0.445,FALSE,NA,"other/unassigned"
"OTU1289","abundance","Empetrum nigrum",0.064,-0.583,0.522,-0.018,-0.648,0.347,FALSE,"Dothideales_gen_Incertae_sedis","other/unassigned"
"OTU1305","abundance","Empetrum nigrum",0.08,-0.48,0.53,-0.01,-0.5,0.355,FALSE,NA,"coprophilous"
"OTU1320","abundance","Empetrum nigrum",0.169,-0.232,0.779,0.037,-0.23,0.651,FALSE,NA,"coprophilous"
"OTU1340","abundance","Empetrum nigrum",0.117,-0.369,0.64,0.004,-0.393,0.505,FALSE,NA,"other/unassigned"
"OTU136","abundance","Empetrum nigrum",0.147,-0.298,0.753,0.02,-0.322,0.619,FALSE,"Candida","plant_associated"
"OTU1365","abundance","Empetrum nigrum",0.092,-0.45,0.604,-0.001,-0.489,0.45,FALSE,"Perusta","other/unassigned"
"OTU1369","abundance","Empetrum nigrum",0.116,-0.351,0.627,0.005,-0.386,0.483,FALSE,NA,"other/unassigned"
"OTU1370","abundance","Empetrum nigrum",0.072,-0.519,0.52,-0.013,-0.57,0.345,FALSE,NA,"other/unassigned"
"OTU1427","abundance","Empetrum nigrum",0.065,-0.483,0.492,-0.014,-0.546,0.328,FALSE,NA,"other/unassigned"
"OTU175","abundance","Empetrum nigrum",0.175,-0.234,0.8,0.042,-0.236,0.673,FALSE,"Mrakiaceae_gen_Incertae_sedis","other/unassigned"
"OTU176","abundance","Empetrum nigrum",0.127,-0.352,0.692,0.01,-0.364,0.545,FALSE,"Dothiora","other/unassigned"
"OTU192","abundance","Empetrum nigrum",0.1,-0.458,0.626,-0.001,-0.485,0.475,FALSE,"Kabatiella","plant_associated"
"OTU2","abundance","Empetrum nigrum",0.102,-0.38,0.568,0,-0.417,0.41,FALSE,"Myriangiales_gen_Incertae_sedis","other/unassigned"
"OTU21","abundance","Empetrum nigrum",0.106,-0.403,0.617,0.002,-0.442,0.449,FALSE,"Venturia","plant_associated"
"OTU252","abundance","Empetrum nigrum",0.124,-0.344,0.657,0.008,-0.366,0.512,FALSE,NA,"plant_associated"
"OTU258","abundance","Empetrum nigrum",0.094,-0.469,0.604,-0.003,-0.514,0.438,FALSE,NA,"other/unassigned"
"OTU32","abundance","Empetrum nigrum",0.093,-0.465,0.588,-0.002,-0.511,0.431,FALSE,"Phenoliferia","other/unassigned"
"OTU320","abundance","Empetrum nigrum",0.118,-0.361,0.615,0.005,-0.4,0.481,FALSE,NA,"other/unassigned"
"OTU340","abundance","Empetrum nigrum",0.088,-0.517,0.576,-0.005,-0.545,0.41,FALSE,"Cladosporium","plant_associated"
"OTU381","abundance","Empetrum nigrum",0.107,-0.379,0.608,0.001,-0.424,0.44,FALSE,NA,"other/unassigned"
"OTU45","abundance","Empetrum nigrum",0.186,-0.224,0.863,0.046,-0.216,0.733,FALSE,"Coleophoma","plant_associated"
"OTU483","abundance","Empetrum nigrum",0.086,-0.438,0.56,-0.007,-0.472,0.378,FALSE,NA,"plant_associated"
"OTU554","abundance","Empetrum nigrum",0.13,-0.34,0.671,0.012,-0.368,0.536,FALSE,"Exobasidium","plant_associated"
"OTU594","abundance","Empetrum nigrum",0.109,-0.414,0.653,0.001,-0.442,0.524,FALSE,"Taphrina","plant_associated"
"OTU628","abundance","Empetrum nigrum",0.118,-0.382,0.682,0.004,-0.412,0.528,FALSE,"Frutidella","other/unassigned"
"OTU636","abundance","Empetrum nigrum",0.002,-0.868,0.412,-0.066,-0.904,0.195,FALSE,"Sporormiella","coprophilous"
"OTU637","abundance","Empetrum nigrum",0.089,-0.431,0.567,-0.005,-0.474,0.412,FALSE,NA,"other/unassigned"
"OTU651","abundance","Empetrum nigrum",0.086,-0.513,0.57,-0.005,-0.544,0.413,FALSE,NA,"other/unassigned"
"OTU691","abundance","Empetrum nigrum",0.108,-0.399,0.624,0.001,-0.451,0.481,FALSE,NA,"other/unassigned"
"OTU715","abundance","Empetrum nigrum",0.093,-0.502,0.577,-0.005,-0.531,0.43,FALSE,NA,"other/unassigned"
"OTU733","abundance","Empetrum nigrum",0.093,-0.456,0.589,-0.004,-0.491,0.42,FALSE,"Psilolechiaceae_gen_Incertae_sedis","other/unassigned"
"OTU758","abundance","Empetrum nigrum",0.124,-0.357,0.646,0.006,-0.372,0.508,FALSE,"Meristemomyces","plant_associated"
"OTU788","abundance","Empetrum nigrum",0.095,-0.442,0.612,-0.001,-0.489,0.447,FALSE,NA,"other/unassigned"
"OTU827","abundance","Empetrum nigrum",0.11,-0.412,0.625,0.001,-0.434,0.488,FALSE,NA,"other/unassigned"
"OTU9","abundance","Empetrum nigrum",0.091,-0.455,0.588,-0.003,-0.476,0.422,FALSE,"Cladosporium","plant_associated"
"OTU911","abundance","Empetrum nigrum",0.102,-0.465,0.635,0,-0.503,0.486,FALSE,NA,"other/unassigned"
"OTU92","abundance","Empetrum nigrum",0.112,-0.412,0.672,0.003,-0.444,0.528,FALSE,NA,"coprophilous"
"OTU97","abundance","Empetrum nigrum",0.036,-0.64,0.442,-0.034,-0.699,0.247,FALSE,NA,"other/unassigned"
"OTU1","occurrence","Betula",-0.497,-1.351,0.424,-0.541,-1.402,0.378,FALSE,"Thelebolus","coprophilous"
"OTU1183","occurrence","Betula",0.181,-0.816,1.26,0.147,-0.838,1.198,FALSE,"Phenoliferia","other/unassigned"
"OTU1225","occurrence","Betula",-1.252,-2.134,-0.372,-1.291,-2.19,-0.379,TRUE,"Coniochaeta","coprophilous"
"OTU1226","occurrence","Betula",-0.234,-1.169,0.74,-0.275,-1.228,0.706,FALSE,"Phenoliferia","other/unassigned"
"OTU1242","occurrence","Betula",0.364,-0.679,1.606,0.334,-0.697,1.524,FALSE,"Spirographa","other/unassigned"
"OTU1271","occurrence","Betula",0.123,-0.856,1.257,0.078,-0.902,1.193,FALSE,"Aureobasidium","plant_associated"
"OTU1279","occurrence","Betula",0.658,-0.409,1.879,0.619,-0.425,1.804,FALSE,NA,"other/unassigned"
"OTU1283","occurrence","Betula",0.85,-0.388,2.342,0.812,-0.414,2.232,FALSE,NA,"other/unassigned"
"OTU1289","occurrence","Betula",0.755,-0.34,2.077,0.716,-0.357,1.983,FALSE,"Dothideales_gen_Incertae_sedis","other/unassigned"
"OTU1305","occurrence","Betula",-1.204,-2.083,-0.353,-1.241,-2.147,-0.364,TRUE,NA,"coprophilous"
"OTU1320","occurrence","Betula",-0.46,-1.233,0.328,-0.493,-1.297,0.308,FALSE,NA,"coprophilous"
"OTU1340","occurrence","Betula",0.528,-0.549,1.819,0.488,-0.592,1.759,FALSE,NA,"other/unassigned"
"OTU136","occurrence","Betula",-0.22,-1.047,0.7,-0.245,-1.096,0.66,FALSE,"Candida","plant_associated"
"OTU1365","occurrence","Betula",0.677,-0.449,2.004,0.641,-0.463,1.923,FALSE,"Perusta","other/unassigned"
"OTU1369","occurrence","Betula",1.354,0.178,2.767,1.315,0.163,2.669,TRUE,NA,"other/unassigned"
"OTU1370","occurrence","Betula",0.686,-0.419,2.078,0.649,-0.43,1.982,FALSE,NA,"other/unassigned"
"OTU1427","occurrence","Betula",-0.669,-1.547,0.186,-0.704,-1.625,0.154,FALSE,NA,"other/unassigned"
"OTU175","occurrence","Betula",-0.732,-1.626,0.181,-0.773,-1.714,0.161,FALSE,"Mrakiaceae_gen_Incertae_sedis","other/unassigned"
"OTU176","occurrence","Betula",0.205,-0.715,1.26,0.172,-0.793,1.199,FALSE,"Dothiora","other/unassigned"
"OTU192","occurrence","Betula",0.491,-0.633,1.933,0.456,-0.672,1.811,FALSE,"Kabatiella","plant_associated"
"OTU2","occurrence","Betula",0.934,-0.04,2.076,0.888,-0.063,2.006,FALSE,"Myriangiales_gen_Incertae_sedis","other/unassigned"
"OTU21","occurrence","Betula",-0.595,-1.533,0.354,-0.629,-1.584,0.33,FALSE,"Venturia","plant_associated"
"OTU252","occurrence","Betula",0.521,-0.403,1.602,0.488,-0.447,1.56,FALSE,NA,"plant_associated"
"OTU258","occurrence","Betula",-0.253,-1.255,0.75,-0.291,-1.308,0.689,FALSE,NA,"other/unassigned"
"OTU32","occurrence","Betula",-0.601,-1.507,0.377,-0.632,-1.589,0.351,FALSE,"Phenoliferia","other/unassigned"
"OTU320","occurrence","Betula",0.714,-0.271,1.813,0.678,-0.308,1.741,FALSE,NA,"other/unassigned"
"OTU340","occurrence","Betula",0.216,-0.749,1.268,0.178,-0.774,1.228,FALSE,"Cladosporium","plant_associated"
"OTU381","occurrence","Betula",0.516,-0.487,1.738,0.486,-0.518,1.656,FALSE,NA,"other/unassigned"
"OTU45","occurrence","Betula",-0.695,-1.605,0.21,-0.734,-1.645,0.183,FALSE,"Coleophoma","plant_associated"
"OTU483","occurrence","Betula",-1.178,-2.123,-0.28,-1.217,-2.203,-0.284,TRUE,NA,"plant_associated"
"OTU554","occurrence","Betula",-0.885,-1.768,0.027,-0.915,-1.831,-0.024,TRUE,"Exobasidium","plant_associated"
"OTU594","occurrence","Betula",0.439,-0.675,1.688,0.404,-0.696,1.595,FALSE,"Taphrina","plant_associated"
"OTU628","occurrence","Betula",0.039,-0.945,1.116,0.008,-1.009,1.067,FALSE,"Frutidella","other/unassigned"
"OTU636","occurrence","Betula",-1.275,-2.219,-0.363,-1.31,-2.3,-0.371,TRUE,"Sporormiella","coprophilous"
"OTU637","occurrence","Betula",0.916,-0.214,2.245,0.875,-0.222,2.144,FALSE,NA,"other/unassigned"
"OTU651","occurrence","Betula",-0.288,-1.262,0.718,-0.325,-1.328,0.672,FALSE,NA,"other/unassigned"
"OTU691","occurrence","Betula",1.116,-0.006,2.514,1.077,-0.008,2.441,FALSE,NA,"other/unassigned"
"OTU715","occurrence","Betula",0.69,-0.526,2.169,0.657,-0.549,2.098,FALSE,NA,"other/unassigned"
"OTU733","occurrence","Betula",0.919,-0.244,2.379,0.892,-0.248,2.27,FALSE,"Psilolechiaceae_gen_Incertae_sedis","other/unassigned"
"OTU758","occurrence","Betula",-1.211,-2.117,-0.317,-1.242,-2.186,-0.318,TRUE,"Meristemomyces","plant_associated"
"OTU788","occurrence","Betula",0.945,-0.236,2.402,0.909,-0.271,2.331,FALSE,NA,"other/unassigned"
"OTU827","occurrence","Betula",0.31,-0.651,1.47,0.272,-0.711,1.401,FALSE,NA,"other/unassigned"
"OTU9","occurrence","Betula",-0.215,-1.15,0.821,-0.252,-1.203,0.781,FALSE,"Cladosporium","plant_associated"
"OTU911","occurrence","Betula",0.437,-0.725,1.838,0.402,-0.757,1.75,FALSE,NA,"other/unassigned"
"OTU92","occurrence","Betula",-0.658,-1.487,0.221,-0.692,-1.567,0.201,FALSE,NA,"coprophilous"
"OTU97","occurrence","Betula",-1.271,-2.235,-0.354,-1.313,-2.313,-0.355,TRUE,NA,"other/unassigned"
"OTU1","occurrence","Vaccinium myrtillus",-0.447,-0.929,0.355,0.1,-0.266,0.946,FALSE,"Thelebolus","coprophilous"
"OTU1183","occurrence","Vaccinium myrtillus",-0.576,-1.25,0.037,0.001,-0.589,0.574,FALSE,"Phenoliferia","other/unassigned"
"OTU1225","occurrence","Vaccinium myrtillus",-0.499,-1.049,0.183,0.051,-0.383,0.785,FALSE,"Coniochaeta","coprophilous"
"OTU1226","occurrence","Vaccinium myrtillus",-0.658,-1.443,-0.17,-0.056,-0.794,0.36,FALSE,"Phenoliferia","other/unassigned"
"OTU1242","occurrence","Vaccinium myrtillus",-0.513,-1.103,0.215,0.034,-0.461,0.792,FALSE,"Spirographa","other/unassigned"
"OTU1271","occurrence","Vaccinium myrtillus",-0.458,-0.968,0.407,0.086,-0.321,0.998,FALSE,"Aureobasidium","plant_associated"
"OTU1279","occurrence","Vaccinium myrtillus",-0.655,-1.494,-0.136,-0.053,-0.832,0.401,FALSE,NA,"other/unassigned"
"OTU1283","occurrence","Vaccinium myrtillus",-0.652,-1.577,-0.118,-0.051,-0.943,0.42,FALSE,NA,"other/unassigned"
"OTU1289","occurrence","Vaccinium myrtillus",-0.662,-1.543,-0.132,-0.056,-0.887,0.402,FALSE,"Dothideales_gen_Incertae_sedis","other/unassigned"
"OTU1305","occurrence","Vaccinium myrtillus",-0.51,-1.069,0.206,0.042,-0.414,0.793,FALSE,NA,"coprophilous"
"OTU1320","occurrence","Vaccinium myrtillus",-0.571,-1.168,0.005,0.002,-0.535,0.571,FALSE,NA,"coprophilous"
"OTU1340","occurrence","Vaccinium myrtillus",-0.54,-1.209,0.212,0.02,-0.561,0.783,FALSE,NA,"other/unassigned"
"OTU136","occurrence","Vaccinium myrtillus",-0.564,-1.177,0.055,0.005,-0.536,0.621,FALSE,"Candida","plant_associated"
"OTU1365","occurrence","Vaccinium myrtillus",-0.597,-1.336,-0.003,-0.009,-0.7,0.539,FALSE,"Perusta","other/unassigned"
"OTU1369","occurrence","Vaccinium myrtillus",-0.683,-1.642,-0.171,-0.083,-0.989,0.342,FALSE,NA,"other/unassigned"
"OTU1370","occurrence","Vaccinium myrtillus",-0.618,-1.435,-0.066,-0.026,-0.792,0.497,FALSE,NA,"other/unassigned"
"OTU1427","occurrence","Vaccinium myrtillus",-0.612,-1.307,-0.075,-0.019,-0.654,0.482,FALSE,NA,"other/unassigned"
"OTU175","occurrence","Vaccinium myrtillus",-0.466,-0.984,0.281,0.076,-0.33,0.893,FALSE,"Mrakiaceae_gen_Incertae_sedis","other/unassigned"
"OTU176","occurrence","Vaccinium myrtillus",-0.506,-1.055,0.195,0.044,-0.399,0.762,FALSE,"Dothiora","other/unassigned"
"OTU192","occurrence","Vaccinium myrtillus",-0.622,-1.466,-0.035,-0.023,-0.795,0.52,FALSE,"Kabatiella","plant_associated"
"OTU2","occurrence","Vaccinium myrtillus",-0.697,-1.585,-0.21,-0.088,-0.926,0.3,FALSE,"Myriangiales_gen_Incertae_sedis","other/unassigned"
"OTU21","occurrence","Vaccinium myrtillus",-0.57,-1.223,0.01,0.001,-0.587,0.581,FALSE,"Venturia","plant_associated"
"OTU252","occurrence","Vaccinium myrtillus",-0.543,-1.128,0.093,0.017,-0.483,0.665,FALSE,NA,"plant_associated"
"OTU258","occurrence","Vaccinium myrtillus",-0.722,-1.682,-0.24,-0.115,-1.036,0.267,FALSE,NA,"other/unassigned"
"OTU32","occurrence","Vaccinium myrtillus",-0.465,-0.977,0.333,0.084,-0.306,0.938,FALSE,"Phenoliferia","other/unassigned"
"OTU320","occurrence","Vaccinium myrtillus",-0.667,-1.523,-0.17,-0.063,-0.861,0.359,FALSE,NA,"other/unassigned"
"OTU340","occurrence","Vaccinium myrtillus",-0.578,-1.217,0.034,0,-0.576,0.596,FALSE,"Cladosporium","plant_associated"
"OTU381","occurrence","Vaccinium myrtillus",-0.582,-1.292,0.048,-0.002,-0.631,0.606,FALSE,NA,"other/unassigned"
"OTU45","occurrence","Vaccinium myrtillus",-0.489,-1.021,0.253,0.059,-0.368,0.845,FALSE,"Coleophoma","plant_associated"
"OTU483","occurrence","Vaccinium myrtillus",-0.58,-1.225,-0.003,-0.001,-0.576,0.587,FALSE,NA,"plant_associated"
"OTU554","occurrence","Vaccinium myrtillus",-0.549,-1.167,0.104,0.015,-0.515,0.668,FALSE,"Exobasidium","plant_associated"
"OTU594","occurrence","Vaccinium myrtillus",-0.7,-1.673,-0.206,-0.091,-1.028,0.305,FALSE,"Taphrina","plant_associated"
"OTU628","occurrence","Vaccinium myrtillus",-0.519,-1.077,0.195,0.033,-0.419,0.779,FALSE,"Frutidella","other/unassigned"
"OTU636","occurrence","Vaccinium myrtillus",-0.428,-0.914,0.432,0.116,-0.253,1.041,FALSE,"Sporormiella","coprophilous"
"OTU637","occurrence","Vaccinium myrtillus",-0.625,-1.412,-0.088,-0.029,-0.752,0.462,FALSE,NA,"other/unassigned"
"OTU651","occurrence","Vaccinium myrtillus",-0.638,-1.425,-0.111,-0.038,-0.779,0.45,FALSE,NA,"other/unassigned"
"OTU691","occurrence","Vaccinium myrtillus",-0.596,-1.341,0.004,-0.008,-0.694,0.559,FALSE,NA,"other/unassigned"
"OTU715","occurrence","Vaccinium myrtillus",-0.623,-1.488,-0.03,-0.026,-0.815,0.484,FALSE,NA,"other/unassigned"
"OTU733","occurrence","Vaccinium myrtillus",-0.63,-1.457,-0.073,-0.031,-0.812,0.466,FALSE,"Psilolechiaceae_gen_Incertae_sedis","other/unassigned"
"OTU758","occurrence","Vaccinium myrtillus",-0.542,-1.133,0.136,0.02,-0.484,0.722,FALSE,"Meristemomyces","plant_associated"
"OTU788","occurrence","Vaccinium myrtillus",-0.631,-1.486,-0.058,-0.03,-0.805,0.484,FALSE,NA,"other/unassigned"
"OTU827","occurrence","Vaccinium myrtillus",-0.621,-1.407,-0.07,-0.027,-0.737,0.47,FALSE,NA,"other/unassigned"
"OTU9","occurrence","Vaccinium myrtillus",-0.511,-1.068,0.217,0.04,-0.415,0.791,FALSE,"Cladosporium","plant_associated"
"OTU911","occurrence","Vaccinium myrtillus",-0.609,-1.454,-0.027,-0.02,-0.789,0.516,FALSE,NA,"other/unassigned"
"OTU92","occurrence","Vaccinium myrtillus",-0.471,-0.978,0.279,0.074,-0.326,0.888,FALSE,NA,"coprophilous"
"OTU97","occurrence","Vaccinium myrtillus",-0.476,-1.008,0.356,0.068,-0.349,0.941,FALSE,NA,"other/unassigned"
"OTU1","occurrence","Vaccinium uliginosum",-0.277,-0.798,-0.029,-0.064,-0.567,0.131,FALSE,"Thelebolus","coprophilous"
"OTU1183","occurrence","Vaccinium uliginosum",-0.159,-0.438,0.248,0.027,-0.216,0.447,FALSE,"Phenoliferia","other/unassigned"
"OTU1225","occurrence","Vaccinium uliginosum",-0.218,-0.593,0.076,-0.01,-0.367,0.27,FALSE,"Coniochaeta","coprophilous"
"OTU1226","occurrence","Vaccinium uliginosum",-0.155,-0.432,0.269,0.03,-0.203,0.47,FALSE,"Phenoliferia","other/unassigned"
"OTU1242","occurrence","Vaccinium uliginosum",-0.208,-0.619,0.125,-0.005,-0.39,0.308,FALSE,"Spirographa","other/unassigned"
"OTU1271","occurrence","Vaccinium uliginosum",-0.204,-0.6,0.124,-0.002,-0.36,0.321,FALSE,"Aureobasidium","plant_associated"
"OTU1279","occurrence","Vaccinium uliginosum",-0.196,-0.56,0.142,0.001,-0.323,0.337,FALSE,NA,"other/unassigned"
"OTU1283","occurrence","Vaccinium uliginosum",-0.151,-0.446,0.326,0.032,-0.212,0.549,FALSE,NA,"other/unassigned"
"OTU1289","occurrence","Vaccinium uliginosum",-0.203,-0.594,0.122,-0.002,-0.355,0.307,FALSE,"Dothideales_gen_Incertae_sedis","other/unassigned"
"OTU1305","occurrence","Vaccinium uliginosum",-0.201,-0.552,0.118,-0.001,-0.334,0.314,FALSE,NA,"coprophilous"
"OTU1320","occurrence","Vaccinium uliginosum",-0.21,-0.557,0.081,-0.006,-0.328,0.279,FALSE,NA,"coprophilous"
"OTU1340","occurrence","Vaccinium uliginosum",-0.213,-0.663,0.113,-0.008,-0.427,0.297,FALSE,NA,"other/unassigned"
"OTU136","occurrence","Vaccinium uliginosum",-0.204,-0.567,0.109,-0.002,-0.348,0.304,FALSE,"Candida","plant_associated"
"OTU1365","occurrence","Vaccinium uliginosum",-0.224,-0.691,0.098,-0.015,-0.448,0.286,FALSE,"Perusta","other/unassigned"
"OTU1369","occurrence","Vaccinium uliginosum",-0.228,-0.662,0.07,-0.019,-0.429,0.252,FALSE,NA,"other/unassigned"
"OTU1370","occurrence","Vaccinium uliginosum",-0.19,-0.562,0.181,0.003,-0.324,0.37,FALSE,NA,"other/unassigned"
"OTU1427","occurrence","Vaccinium uliginosum",-0.206,-0.582,0.095,-0.004,-0.353,0.286,FALSE,NA,"other/unassigned"
"OTU175","occurrence","Vaccinium uliginosum",-0.194,-0.524,0.119,0.001,-0.298,0.325,FALSE,"Mrakiaceae_gen_Incertae_sedis","other/unassigned"
"OTU176","occurrence","Vaccinium uliginosum",-0.221,-0.645,0.075,-0.012,-0.419,0.258,FALSE,"Dothiora","other/unassigned"
"OTU192","occurrence","Vaccinium uliginosum",-0.208,-0.643,0.118,-0.006,-0.419,0.298,FALSE,"Kabatiella","plant_associated"
"OTU2","occurrence","Vaccinium uliginosum",-0.216,-0.615,0.096,-0.009,-0.381,0.291,FALSE,"Myriangiales_gen_Incertae_sedis","other/unassigned"
"OTU21","occurrence","Vaccinium uliginosum",-0.186,-0.517,0.164,0.006,-0.286,0.363,FALSE,"Venturia","plant_associated"
"OTU252","occurrence","Vaccinium uliginosum",-0.151,-0.437,0.275,0.031,-0.211,0.469,FALSE,NA,"plant_associated"
"OTU258","occurrence","Vaccinium uliginosum",-0.184,-0.515,0.184,0.007,-0.286,0.37,FALSE,NA,"other/unassigned"
"OTU32","occurrence","Vaccinium uliginosum",-0.193,-0.536,0.144,0.001,-0.302,0.332,FALSE,"Phenoliferia","other/unassigned"
"OTU320","occurrence","Vaccinium uliginosum",-0.206,-0.573,0.114,-0.003,-0.341,0.307,FALSE,NA,"other/unassigned"
"OTU340","occurrence","Vaccinium uliginosum",-0.22,-0.614,0.08,-0.011,-0.377,0.267,FALSE,"Cladosporium","plant_associated"
"OTU381","occurrence","Vaccinium uliginosum",-0.199,-0.595,0.157,0,-0.356,0.353,FALSE,NA,"other/unassigned"
"OTU45","occurrence","Vaccinium uliginosum",-0.166,-0.457,0.238,0.018,-0.235,0.435,FALSE,"Coleophoma","plant_associated"
"OTU483","occurrence","Vaccinium uliginosum",-0.077,-0.331,0.528,0.105,-0.081,0.743,FALSE,NA,"plant_associated"
"OTU554","occurrence","Vaccinium uliginosum",-0.199,-0.561,0.14,0,-0.33,0.324,FALSE,"Exobasidium","plant_associated"
"OTU594","occurrence","Vaccinium uliginosum",-0.18,-0.53,0.209,0.009,-0.293,0.41,FALSE,"Taphrina","plant_associated"
"OTU628","occurrence","Vaccinium uliginosum",-0.176,-0.509,0.241,0.013,-0.27,0.437,FALSE,"Frutidella","other/unassigned"
"OTU636","occurrence","Vaccinium uliginosum",-0.251,-0.731,0.013,-0.037,-0.508,0.185,FALSE,"Sporormiella","coprophilous"
"OTU637","occurrence","Vaccinium uliginosum",-0.185,-0.526,0.184,0.005,-0.294,0.393,FALSE,NA,"other/unassigned"
"OTU651","occurrence","Vaccinium uliginosum",-0.21,-0.584,0.093,-0.006,-0.355,0.292,FALSE,NA,"other/unassigned"
"OTU691","occurrence","Vaccinium uliginosum",-0.249,-0.766,0.034,-0.033,-0.537,0.205,FALSE,NA,"other/unassigned"
"OTU715","occurrence","Vaccinium uliginosum",-0.209,-0.638,0.124,-0.006,-0.401,0.311,FALSE,NA,"other/unassigned"
"OTU733","occurrence","Vaccinium uliginosum",-0.231,-0.715,0.064,-0.019,-0.489,0.245,FALSE,"Psilolechiaceae_gen_Incertae_sedis","other/unassigned"
"OTU758","occurrence","Vaccinium uliginosum",-0.125,-0.383,0.379,0.059,-0.151,0.584,FALSE,"Meristemomyces","plant_associated"
"OTU788","occurrence","Vaccinium uliginosum",-0.198,-0.573,0.162,0,-0.343,0.346,FALSE,NA,"other/unassigned"
"OTU827","occurrence","Vaccinium uliginosum",-0.236,-0.72,0.059,-0.024,-0.483,0.238,FALSE,NA,"other/unassigned"
"OTU9","occurrence","Vaccinium uliginosum",-0.231,-0.69,0.056,-0.02,-0.449,0.229,FALSE,"Cladosporium","plant_associated"
"OTU911","occurrence","Vaccinium uliginosum",-0.204,-0.642,0.142,-0.003,-0.404,0.336,FALSE,NA,"other/unassigned"
"OTU92","occurrence","Vaccinium uliginosum",-0.189,-0.525,0.139,0.004,-0.283,0.338,FALSE,NA,"coprophilous"
"OTU97","occurrence","Vaccinium uliginosum",-0.161,-0.463,0.264,0.024,-0.231,0.461,FALSE,NA,"other/unassigned"
"OTU1","occurrence","Empetrum nigrum",-0.108,-0.819,0.48,-0.427,-1.12,0.163,FALSE,"Thelebolus","coprophilous"
"OTU1183","occurrence","Empetrum nigrum",0.211,-0.509,0.88,-0.11,-0.814,0.542,FALSE,"Phenoliferia","other/unassigned"
"OTU1225","occurrence","Empetrum nigrum",0.326,-0.249,0.935,0.006,-0.568,0.613,FALSE,"Coniochaeta","coprophilous"
"OTU1226","occurrence","Empetrum nigrum",0.07,-0.653,0.711,-0.252,-0.978,0.381,FALSE,"Phenoliferia","other/unassigned"
"OTU1242","occurrence","Empetrum nigrum",0.153,-0.601,0.842,-0.171,-0.906,0.511,FALSE,"Spirographa","other/unassigned"
"OTU1271","occurrence","Empetrum nigrum",-0.111,-0.915,0.579,-0.43,-1.225,0.235,FALSE,"Aureobasidium","plant_associated"
"OTU1279","occurrence","Empetrum nigrum",0.561,-0.128,1.262,0.241,-0.444,0.931,FALSE,NA,"other/unassigned"
"OTU1283","occurrence","Empetrum nigrum",0.537,-0.15,1.268,0.218,-0.452,0.928,FALSE,NA,"other/unassigned"
"OTU1289","occurrence","Empetrum nigrum",0.378,-0.343,1.068,0.054,-0.651,0.739,FALSE,"Dothideales_gen_Incertae_sedis","other/unassigned"
"OTU1305","occurrence","Empetrum nigrum",0.183,-0.462,0.771,-0.142,-0.773,0.444,FALSE,NA,"coprophilous"
"OTU1320","occurrence","Empetrum nigrum",-0.141,-0.753,0.397,-0.46,-1.064,0.087,FALSE,NA,"coprophilous"
"OTU1340","occurrence","Empetrum nigrum",0.624,-0.056,1.373,0.302,-0.364,1.046,FALSE,NA,"other/unassigned"
"OTU136","occurrence","Empetrum nigrum",0.189,-0.473,0.798,-0.132,-0.777,0.48,FALSE,"Candida","plant_associated"
"OTU1365","occurrence","Empetrum nigrum",0.407,-0.298,1.132,0.091,-0.609,0.788,FALSE,"Perusta","other/unassigned"
"OTU1369","occurrence","Empetrum nigrum",0.576,-0.07,1.292,0.257,-0.386,0.966,FALSE,NA,"other/unassigned"
"OTU1370","occurrence","Empetrum nigrum",0.432,-0.302,1.156,0.109,-0.602,0.845,FALSE,NA,"other/unassigned"
"OTU1427","occurrence","Empetrum nigrum",0.657,0.076,1.315,0.339,-0.246,0.986,FALSE,NA,"other/unassigned"
"OTU175","occurrence","Empetrum nigrum",0.798,0.225,1.454,0.476,-0.097,1.144,FALSE,"Mrakiaceae_gen_Incertae_sedis","other/unassigned"
"OTU176","occurrence","Empetrum nigrum",0.585,-0.047,1.253,0.265,-0.363,0.933,FALSE,"Dothiora","other/unassigned"
"OTU192","occurrence","Empetrum nigrum",0.12,-0.696,0.816,-0.204,-1,0.501,FALSE,"Kabatiella","plant_associated"
"OTU2","occurrence","Empetrum nigrum",0.951,0.336,1.677,0.627,0.019,1.36,TRUE,"Myriangiales_gen_Incertae_sedis","other/unassigned"
"OTU21","occurrence","Empetrum nigrum",0.15,-0.512,0.774,-0.169,-0.835,0.446,FALSE,"Venturia","plant_associated"
"OTU252","occurrence","Empetrum nigrum",0.359,-0.271,1.022,0.037,-0.596,0.711,FALSE,NA,"plant_associated"
"OTU258","occurrence","Empetrum nigrum",0.463,-0.213,1.116,0.14,-0.526,0.799,FALSE,NA,"other/unassigned"
"OTU32","occurrence","Empetrum nigrum",0.061,-0.655,0.724,-0.256,-0.979,0.392,FALSE,"Phenoliferia","other/unassigned"
"OTU320","occurrence","Empetrum nigrum",0.747,0.144,1.434,0.427,-0.175,1.122,FALSE,NA,"other/unassigned"
"OTU340","occurrence","Empetrum nigrum",0.324,-0.33,0.972,0.005,-0.646,0.659,FALSE,"Cladosporium","plant_associated"
"OTU381","occurrence","Empetrum nigrum",0.489,-0.176,1.193,0.163,-0.488,0.865,FALSE,NA,"other/unassigned"
"OTU45","occurrence","Empetrum nigrum",1.086,0.479,1.817,0.764,0.169,1.497,TRUE,"Coleophoma","plant_associated"
"OTU483","occurrence","Empetrum nigrum",0.751,0.155,1.398,0.43,-0.167,1.077,FALSE,NA,"plant_associated"
"OTU554","occurrence","Empetrum nigrum",0.353,-0.273,0.954,0.033,-0.602,0.636,FALSE,"Exobasidium","plant_associated"
"OTU594","occurrence","Empetrum nigrum",0.103,-0.602,0.743,-0.223,-0.931,0.416,FALSE,"Taphrina","plant_associated"
"OTU628","occurrence","Empetrum nigrum",0.166,-0.565,0.795,-0.155,-0.873,0.479,FALSE,"Frutidella","other/unassigned"
"OTU636","occurrence","Empetrum nigrum",-0.08,-0.748,0.505,-0.398,-1.075,0.187,FALSE,"Sporormiella","coprophilous"
"OTU637","occurrence","Empetrum nigrum",-0.084,-0.873,0.574,-0.398,-1.18,0.24,FALSE,NA,"other/unassigned"
"OTU651","occurrence","Empetrum nigrum",0.162,-0.533,0.815,-0.162,-0.862,0.5,FALSE,NA,"other/unassigned"
"OTU691","occurrence","Empetrum nigrum",0.605,-0.042,1.295,0.282,-0.352,0.971,FALSE,NA,"other/unassigned"
"OTU715","occurrence","Empetrum nigrum",-0.134,-1.036,0.564,-0.455,-1.343,0.225,FALSE,NA,"other/unassigned"
"OTU733","occurrence","Empetrum nigrum",0.121,-0.643,0.796,-0.2,-0.95,0.476,FALSE,"Psilolechiaceae_gen_Incertae_sedis","other/unassigned"
"OTU758","occurrence","Empetrum nigrum",0.55,-0.04,1.164,0.227,-0.363,0.842,FALSE,"Meristemomyces","plant_associated"
"OTU788","occurrence","Empetrum nigrum",0.443,-0.256,1.167,0.12,-0.552,0.84,FALSE,NA,"other/unassigned"
"OTU827","occurrence","Empetrum nigrum",0.34,-0.328,1.006,0.02,-0.632,0.675,FALSE,NA,"other/unassigned"
"OTU9","occurrence","Empetrum nigrum",0.014,-0.688,0.628,-0.301,-1.019,0.311,FALSE,"Cladosporium","plant_associated"
"OTU911","occurrence","Empetrum nigrum",0.004,-0.882,0.741,-0.318,-1.195,0.418,FALSE,NA,"other/unassigned"
"OTU92","occurrence","Empetrum nigrum",-0.187,-0.926,0.43,-0.51,-1.245,0.111,FALSE,NA,"coprophilous"
"OTU97","occurrence","Empetrum nigrum",0.698,0.104,1.36,0.381,-0.213,1.048,FALSE,NA,"other/unassigned"
