"OTU_ID","Genus","prevalence","occ_specificity_HHI","occ_top_plant","occ_P_top_plant","occ_resolved_plants","abund_specificity_HHI","abund_top_plant","abund_P_top_plant","abund_resolved_plants","diffuse_baseline","guild_group","primary_guild","FUNGuild","n_resolved"
"OTU636","Sporormiella",8,0.454,"Betula",0.951,"Betula",0.383,"Betula",0.433,"",0.25,"coprophilous","Plant Saprotroph","Dung Saprotroph-Endophyte-Lichen Parasite-|Plant Saprotroph|",1
"OTU1305",NA,7,0.405,"Betula",0.933,"Betula",0.362,"Betula",0.603,"",0.25,"coprophilous",NA,"Animal Pathogen-Dung Saprotroph-Endophyte-Lichen Parasite-Plant Pathogen-Undefined Saprotroph",1
"OTU1225","Coniochaeta",7,0.374,"Betula",0.929,"Betula",0.33,"Betula",0.534,"",0.25,"coprophilous","Undefined Saprotroph","Animal Pathogen-Dung Saprotroph-Endophyte-Lichen Parasite-Plant Pathogen-|Undefined Saprotroph|",1
"OTU758","Meristemomyces",7,0.352,"Betula",0.842,"Betula",0.291,"Betula",0.384,"",0.25,"plant_associated","Plant Saprotroph","|Plant Saprotroph|",1
"OTU97",NA,5,0.347,"Betula",0.813,"Betula",0.409,"Betula",0.539,"",0.25,"other/unassigned",NA,NA,1
"OTU483",NA,7,0.343,"Betula",0.751,"Betula",0.394,"Betula",0.469,"",0.25,"plant_associated",NA,"Endophyte-Plant Pathogen-Undefined Saprotroph",1
"OTU1369",NA,16,0.332,"Betula",0.757,"Betula",0.334,"Betula",0.567,"",0.25,"other/unassigned",NA,NA,1
"OTU45","Coleophoma",8,0.325,"Empetrum nigrum",0.731,"Empetrum nigrum",0.279,"Betula",0.364,"",0.25,"plant_associated","Plant Pathogen","Endophyte-|Plant Pathogen|-Undefined Saprotroph",1
"OTU554","Exobasidium",6,0.316,"Betula",0.705,"Betula",0.366,"Betula",0.562,"",0.25,"plant_associated","Plant Pathogen","|Plant Pathogen|",1
"OTU2","Myriangiales_gen_Incertae_sedis",17,0.295,"Betula",0.442,"Empetrum nigrum",0.306,"Betula",0.47,"",0.25,"other/unassigned",NA,NA,1
"OTU1226","Phenoliferia",8,0.414,"Vaccinium myrtillus",0.704,"",0.333,"Betula",0.515,"",0.25,"other/unassigned","Undefined Saprotroph","|Undefined Saprotroph|",0
"OTU628","Frutidella",6,0.407,"Vaccinium myrtillus",0.527,"",0.357,"Betula",0.547,"",0.25,"other/unassigned","Lichenized","|Lichenized|",0
"OTU637",NA,11,0.388,"Betula",0.627,"",0.347,"Betula",0.562,"",0.25,"other/unassigned",NA,NA,0
"OTU911",NA,5,0.384,"Vaccinium myrtillus",0.482,"",0.347,"Betula",0.528,"",0.25,"other/unassigned",NA,NA,0
"OTU9","Cladosporium",6,0.383,"Vaccinium myrtillus",0.488,"",0.395,"Betula",0.595,"",0.25,"plant_associated","Plant Saprotroph","Animal Pathogen-Endophyte-Lichen Parasite-Plant Pathogen-|Plant Saprotroph|-Wood Saprotroph",0
"OTU733","Psilolechiaceae_gen_Incertae_sedis",10,0.362,"Betula",0.623,"",0.349,"Betula",0.55,"",0.25,"other/unassigned",NA,"Lichen Parasite-Lichenized",0
"OTU594","Taphrina",10,0.359,"Vaccinium myrtillus",0.606,"",0.327,"Betula",0.454,"",0.25,"plant_associated","Plant Pathogen","|Plant Pathogen|",0
"OTU32","Phenoliferia",5,0.355,"Betula",0.579,"",0.348,"Betula",0.536,"",0.25,"other/unassigned","Undefined Saprotroph","|Undefined Saprotroph|",0
"OTU1271","Aureobasidium",8,0.348,"Vaccinium myrtillus",0.444,"",0.386,"Betula",0.475,"",0.25,"plant_associated","Plant Pathogen","Animal Pathogen-Endophyte-Epiphyte-|Plant Pathogen|-Plant Saprotroph-Undefined Saprotroph",0
"OTU1183","Phenoliferia",7,0.342,"Vaccinium myrtillus",0.579,"",0.382,"Betula",0.542,"",0.25,"other/unassigned","Undefined Saprotroph","|Undefined Saprotroph|",0
"OTU715",NA,7,0.338,"Betula",0.506,"",0.349,"Betula",0.556,"",0.25,"other/unassigned",NA,NA,0
"OTU651",NA,5,0.333,"Vaccinium myrtillus",0.616,"",0.415,"Betula",0.512,"",0.25,"other/unassigned",NA,NA,0
"OTU192","Kabatiella",5,0.33,"Vaccinium myrtillus",0.484,"",0.343,"Betula",0.515,"",0.25,"plant_associated","Plant Pathogen","Endophyte-|Plant Pathogen|-Plant Saprotroph-Undefined Saprotroph",0
"OTU21","Venturia",7,0.327,"Betula",0.485,"",0.384,"Betula",0.558,"",0.25,"plant_associated","Plant Pathogen","|Plant Pathogen|-Plant Saprotroph",0
"OTU136","Candida",9,0.32,"Vaccinium myrtillus",0.593,"",0.357,"Betula",0.581,"",0.25,"plant_associated","Undefined Saprotroph","Animal Pathogen-Endophyte-Endosymbiont-Epiphyte-|Undefined Saprotroph|",0
"OTU92",NA,6,0.32,"Betula",0.618,"",0.41,"Betula",0.651,"",0.25,"coprophilous",NA,"Animal Pathogen-Dung Saprotroph-Endophyte-Lichen Parasite-Plant Pathogen-Undefined Saprotroph",0
"OTU258",NA,5,0.317,"Vaccinium myrtillus",0.616,"",0.409,"Betula",0.563,"",0.25,"other/unassigned",NA,NA,0
"OTU1320",NA,15,0.315,"Vaccinium myrtillus",0.528,"",0.33,"Betula",0.537,"",0.25,"coprophilous",NA,"Dung Saprotroph-Plant Saprotroph",0
"OTU788",NA,6,0.311,"Betula",0.614,"",0.309,"Betula",0.46,"",0.25,"other/unassigned",NA,NA,0
"OTU691",NA,12,0.308,"Betula",0.695,"",0.346,"Betula",0.547,"",0.25,"other/unassigned",NA,NA,0
"OTU1283",NA,5,0.304,"Betula",0.537,"",0.354,"Betula",0.559,"",0.25,"other/unassigned",NA,NA,0
"OTU1","Thelebolus",9,0.303,"Betula",0.486,"",0.298,"Betula",0.392,"",0.25,"coprophilous","Dung Saprotroph","|Dung Saprotroph|-Endophyte-Plant Saprotroph-Undefined Saprotroph",0
"OTU1242","Spirographa",6,0.302,"Vaccinium myrtillus",0.451,"",0.354,"Betula",0.576,"",0.25,"other/unassigned","Lichen Parasite","|Lichen Parasite|",0
"OTU1289","Dothideales_gen_Incertae_sedis",8,0.299,"Betula",0.519,"",0.346,"Betula",0.519,"",0.25,"other/unassigned",NA,NA,0
"OTU176","Dothiora",5,0.299,"Empetrum nigrum",0.426,"",0.351,"Betula",0.532,"",0.25,"other/unassigned","Wood Saprotroph","Undefined Saprotroph-|Wood Saprotroph|",0
"OTU175","Mrakiaceae_gen_Incertae_sedis",8,0.298,"Empetrum nigrum",0.513,"",0.278,"Betula",0.391,"",0.25,"other/unassigned",NA,NA,0
"OTU340","Cladosporium",5,0.298,"Vaccinium myrtillus",0.537,"",0.373,"Betula",0.496,"",0.25,"plant_associated","Plant Saprotroph","Animal Pathogen-Endophyte-Lichen Parasite-Plant Pathogen-|Plant Saprotroph|-Wood Saprotroph",0
"OTU1370",NA,7,0.29,"Betula",0.484,"",0.321,"Betula",0.452,"",0.25,"other/unassigned",NA,NA,0
"OTU252",NA,13,0.29,"Betula",0.439,"",0.355,"Betula",0.6,"",0.25,"plant_associated",NA,"Animal Pathogen-Plant Pathogen-Undefined Saprotroph",0
"OTU827",NA,8,0.288,"Vaccinium myrtillus",0.549,"",0.358,"Betula",0.554,"",0.25,"other/unassigned",NA,NA,0
"OTU320",NA,15,0.285,"Betula",0.392,"",0.32,"Betula",0.501,"",0.25,"other/unassigned",NA,NA,0
"OTU1279",NA,7,0.284,"Betula",0.432,"",0.356,"Betula",0.534,"",0.25,"other/unassigned",NA,NA,0
"OTU1365","Perusta",6,0.284,"Betula",0.495,"",0.361,"Betula",0.525,"",0.25,"other/unassigned","Undefined Saprotroph","|Undefined Saprotroph|",0
"OTU1427",NA,9,0.282,"Betula",0.4,"",0.362,"Betula",0.582,"",0.25,"other/unassigned",NA,NA,0
"OTU1340",NA,5,0.277,"Betula",0.37,"",0.33,"Betula",0.513,"",0.25,"other/unassigned",NA,NA,0
"OTU381",NA,8,0.277,"Vaccinium myrtillus",0.398,"",0.333,"Betula",0.509,"",0.25,"other/unassigned",NA,NA,0
