"OTU_ID","Season","Year","Random: sample","Genus","guild"
"OTU1",0.7014,0.136,0.1626,"Thelebolus","dung_saprotroph"
"OTU2",0.8578,0.0462,0.096,"Myriangiales_gen_Incertae_sedis","other"
"OTU9",0.3852,0.3623,0.2525,"Cladosporium","plant_associated"
"OTU14",0.2312,0.3664,0.4023,NA,"dark_unassigned"
"OTU15",0.008,0.0113,0.9808,NA,"dark_unassigned"
"OTU19",0.348,0.4227,0.2293,"Malassezia","pathotroph"
"OTU21",0.38,0.0866,0.5334,"Venturia","plant_associated"
"OTU22",0.421,0.2807,0.2983,NA,"dung_saprotroph"
"OTU26",0.1819,0.2507,0.5674,NA,"dark_unassigned"
"OTU27",0.0724,0.0298,0.8977,NA,"dark_unassigned"
"OTU30",0.1849,0.1882,0.6268,NA,"dark_unassigned"
"OTU32",0.5903,0.2578,0.1518,"Phenoliferia","other"
"OTU38",0.0071,0.0048,0.9881,"Spizellomycetales_gen_Incertae_sedis","other"
"OTU41",0.3702,0.1366,0.4932,"Goffeauzyma","plant_associated"
"OTU43",0.2555,0.1297,0.6148,NA,"dark_unassigned"
"OTU45",0.1929,0.2695,0.5376,"Coleophoma","plant_associated"
"OTU46",0.5376,0.2307,0.2318,NA,"dark_unassigned"
"OTU47",0.0269,0.0358,0.9373,NA,"dark_unassigned"
"OTU51",0.3146,0.1126,0.5728,NA,"dark_unassigned"
"OTU55",0.0184,0.0285,0.9531,"Venturia","plant_associated"
"OTU62",0.3025,0.2481,0.4495,"Tausonia","other"
"OTU72",0.2038,0.2717,0.5245,"Krasilnikovozyma","other"
"OTU74",0.602,0.2326,0.1654,NA,"dark_unassigned"
"OTU80",0.173,0.2392,0.5878,NA,"dark_unassigned"
"OTU90",0.1477,0.0803,0.772,NA,"plant_associated"
"OTU92",0.4536,0.2437,0.3028,NA,"dung_saprotroph"
"OTU93",0.5304,0.2782,0.1914,"Candida","plant_associated"
"OTU97",0.0387,0.0721,0.8892,NA,"dark_unassigned"
"OTU104",0.7069,0.127,0.1661,NA,"dark_unassigned"
"OTU108",0.0102,0.0148,0.975,"Coccomyces","plant_associated"
"OTU113",0.193,0.2046,0.6024,NA,"pathotroph"
"OTU121",0.1024,0.171,0.7266,NA,"dark_unassigned"
"OTU132",0.7398,0.1196,0.1406,NA,"dark_unassigned"
"OTU136",0.4381,0.2855,0.2764,"Candida","plant_associated"
"OTU137",0.0036,0.0036,0.9928,NA,"dark_unassigned"
"OTU147",0.2451,0.4239,0.331,"Bryochiton","plant_associated"
"OTU150",0.1296,0.1373,0.7331,NA,"dark_unassigned"
"OTU153",0.0356,0.0743,0.8901,NA,"dark_unassigned"
"OTU159",0.387,0.3993,0.2137,"Rhodotorula","plant_associated"
"OTU167",0.6951,0.1866,0.1184,NA,"dark_unassigned"
"OTU175",0.3753,0.2964,0.3282,"Mrakiaceae_gen_Incertae_sedis","other"
"OTU176",0.1105,0.1231,0.7664,"Dothiora","other"
"OTU190",0.6576,0.1755,0.1669,"Dothideales_gen_Incertae_sedis","other"
"OTU192",0.7436,0.0979,0.1585,"Kabatiella","plant_associated"
"OTU194",0.2018,0.4306,0.3676,"Trichoderma","plant_associated"
"OTU199",0.0453,0.0713,0.8833,"Sympodiella","plant_associated"
"OTU207",0.4576,0.2876,0.2548,"Microcyclospora","plant_associated"
"OTU209",0.1746,0.2337,0.5916,"Fellozyma","other"
"OTU213",0.4653,0.2108,0.324,"Thelebolus","dung_saprotroph"
"OTU216",0.3787,0.296,0.3253,"Hypogymnia","other"
"OTU232",0.2709,0.3305,0.3986,NA,"plant_associated"
"OTU245",0.6841,0.1698,0.1461,NA,"dark_unassigned"
"OTU252",0.6918,0.1814,0.1269,NA,"plant_associated"
"OTU253",0.0041,0.0041,0.9918,"Tylospora","other"
"OTU258",0.5601,0.1087,0.3312,NA,"dark_unassigned"
"OTU265",0.6816,0.1536,0.1648,NA,"dark_unassigned"
"OTU267",0.6797,0.2081,0.1122,"Malassezia","pathotroph"
"OTU272",0.2121,0.2755,0.5124,NA,"dark_unassigned"
"OTU275",0.1393,0.1176,0.7431,NA,"dark_unassigned"
"OTU285",0.1547,0.1591,0.6861,"Dioszegia","plant_associated"
"OTU290",0.387,0.3059,0.3071,NA,"dark_unassigned"
"OTU291",0.3318,0.3407,0.3275,NA,"other"
"OTU295",0.0035,0.0027,0.9937,NA,"dark_unassigned"
"OTU300",0.2902,0.2519,0.4579,"Phaeotremella","pathotroph"
"OTU305",0.0032,0.0044,0.9924,"Sistotrema","plant_associated"
"OTU320",0.5159,0.1055,0.3785,NA,"dark_unassigned"
"OTU323",0.2039,0.3092,0.487,NA,"dark_unassigned"
"OTU337",0.6511,0.1588,0.1901,"Melanohalea","other"
"OTU340",0.118,0.1746,0.7074,"Cladosporium","plant_associated"
"OTU356",0.2065,0.3445,0.4491,"Godronia","plant_associated"
"OTU357",0.3388,0.3068,0.3544,NA,"dark_unassigned"
"OTU367",0.1526,0.2179,0.6295,"Itersonilia","plant_associated"
"OTU373",0.1628,0.2347,0.6025,NA,"dark_unassigned"
"OTU381",0.6554,0.2077,0.1369,NA,"dark_unassigned"
"OTU383",0.1098,0.1692,0.721,NA,"dark_unassigned"
"OTU392",0.0125,0.0132,0.9743,"Pycnora","other"
"OTU400",0.3436,0.15,0.5064,"Phenoliferia","other"
"OTU409",0.7107,0.108,0.1814,"Solicoccozyma","plant_associated"
"OTU419",0.2802,0.183,0.5368,NA,"dark_unassigned"
"OTU420",0.0207,0.0325,0.9469,NA,"other"
"OTU429",0.2531,0.4278,0.3192,"Cladophialophora","plant_associated"
"OTU430",0.2229,0.4132,0.3639,"Sporormiella","dung_saprotroph"
"OTU431",0.1662,0.1756,0.6581,NA,"plant_associated"
"OTU441",0.0228,0.016,0.9612,"Venturia","plant_associated"
"OTU445",0.1795,0.2547,0.5658,NA,"dark_unassigned"
"OTU457",0.5601,0.2817,0.1582,"Penicillium","dung_saprotroph"
"OTU475",0.1505,0.1654,0.6842,NA,"dark_unassigned"
"OTU478",0.0023,0.0034,0.9943,NA,"dark_unassigned"
"OTU483",0.1659,0.174,0.6601,NA,"plant_associated"
"OTU502",0.032,0.0431,0.9249,"Parmelia","other"
"OTU509",0.2317,0.3088,0.4596,"Teunia","plant_associated"
"OTU519",0.1372,0.17,0.6928,"Yunzhangia","other"
"OTU523",0.2718,0.2841,0.4441,NA,"plant_associated"
"OTU527",0.3826,0.2788,0.3386,"Piskurozyma","other"
"OTU537",0.5479,0.196,0.2561,NA,"pathotroph"
"OTU538",0.0538,0.1045,0.8417,"Piskurozyma","other"
"OTU542",0.0286,0.0932,0.8782,"Exobasidium","plant_associated"
"OTU549",0.0815,0.0949,0.8236,NA,"dark_unassigned"
"OTU552",0.0166,0.0185,0.9649,NA,"dark_unassigned"
"OTU554",0.1003,0.0917,0.808,"Exobasidium","plant_associated"
"OTU564",0.238,0.3475,0.4146,NA,"dark_unassigned"
"OTU573",0.0206,0.0161,0.9634,"Exobasidium","plant_associated"
"OTU589",0.0045,0.0065,0.9889,NA,"dark_unassigned"
"OTU591",0.0312,0.0974,0.8714,NA,"pathotroph"
"OTU594",0.6129,0.1559,0.2312,"Taphrina","plant_associated"
"OTU604",0.724,0.144,0.132,NA,"dark_unassigned"
"OTU618",0.4067,0.1615,0.4318,"Piskurozyma","other"
"OTU624",0.3574,0.175,0.4676,"Parasola","other"
"OTU626",0.4186,0.1514,0.4301,"Piskurozyma","other"
"OTU628",0.1637,0.2688,0.5675,"Frutidella","other"
"OTU632",0.1918,0.2366,0.5716,"Parmeliopsis","other"
"OTU636",0.7706,0.1643,0.0651,"Sporormiella","dung_saprotroph"
"OTU637",0.797,0.089,0.114,NA,"dark_unassigned"
"OTU638",0.1847,0.2621,0.5532,"Vishniacozyma","other"
"OTU640",0.2646,0.2789,0.4566,NA,"dark_unassigned"
"OTU651",0.2131,0.126,0.6609,NA,"dark_unassigned"
"OTU653",0.2156,0.2004,0.584,"Ceratobasidium","plant_associated"
"OTU661",0.306,0.2226,0.4714,"Piskurozyma","other"
"OTU672",0.0876,0.079,0.8334,NA,"dark_unassigned"
"OTU676",0.2463,0.2823,0.4713,"Piskurozyma","other"
"OTU683",0.1451,0.2582,0.5968,"Colacogloea","pathotroph"
"OTU691",0.8928,0.042,0.0652,NA,"dark_unassigned"
"OTU715",0.8346,0.0748,0.0906,NA,"dark_unassigned"
"OTU718",0.1226,0.1987,0.6787,"Saccothecium","other"
"OTU733",0.872,0.0558,0.0721,"Psilolechiaceae_gen_Incertae_sedis","pathotroph"
"OTU749",0.3963,0.1517,0.452,"Piskurozyma","other"
"OTU758",0.0782,0.0927,0.8291,"Meristemomyces","plant_associated"
"OTU776",0.2857,0.2705,0.4438,"Piskurozyma","other"
"OTU788",0.6872,0.2069,0.1059,NA,"dark_unassigned"
"OTU807",0.0053,0.0068,0.9878,NA,"dark_unassigned"
"OTU827",0.75,0.1162,0.1338,NA,"dark_unassigned"
"OTU829",0.1265,0.2032,0.6703,NA,"other"
"OTU846",0.1922,0.1343,0.6735,"Pseudohyphozyma","other"
"OTU874",0.6524,0.1793,0.1683,NA,"dark_unassigned"
"OTU911",0.7923,0.0929,0.1147,NA,"dark_unassigned"
"OTU1024",0.0705,0.1147,0.8148,NA,"dark_unassigned"
"OTU1026",0.0209,0.043,0.9361,NA,"dark_unassigned"
"OTU1046",0.3643,0.2925,0.3432,NA,"dark_unassigned"
"OTU1063",0.0136,0.0188,0.9675,"Platismatia","other"
"OTU1066",0.2227,0.2608,0.5164,NA,"dark_unassigned"
"OTU1153",0.2624,0.3132,0.4244,"Piskurozyma","other"
"OTU1183",0.8055,0.1302,0.0643,"Phenoliferia","other"
"OTU1206",0.2702,0.4561,0.2737,"Sporormiella","dung_saprotroph"
"OTU1213",0.2572,0.2855,0.4573,"Phenoliferia","other"
"OTU1214",0.2563,0.267,0.4767,"Pseudoleucosporidium","other"
"OTU1215",0.618,0.1976,0.1844,NA,"pathotroph"
"OTU1216",0.2036,0.1851,0.6113,"Ceratobasidium","plant_associated"
"OTU1223",0.0065,0.0093,0.9842,"Meristemomyces","plant_associated"
"OTU1225",0.7307,0.1782,0.0911,"Coniochaeta","dung_saprotroph"
"OTU1226",0.8152,0.1354,0.0494,"Phenoliferia","other"
"OTU1227",0.3581,0.1883,0.4536,"Phaeotremella","pathotroph"
"OTU1229",0.7455,0.1371,0.1174,NA,"dark_unassigned"
"OTU1230",0.2351,0.323,0.4419,"Sporormiella","dung_saprotroph"
"OTU1231",0.2309,0.4122,0.3569,"Coleophoma","plant_associated"
"OTU1234",0.4943,0.2398,0.2659,"Mrakia","other"
"OTU1237",0.3036,0.2938,0.4026,NA,"dark_unassigned"
"OTU1239",0.7127,0.1384,0.149,"Paraphaeomoniella","plant_associated"
"OTU1242",0.7018,0.1739,0.1243,"Spirographa","pathotroph"
"OTU1245",0.2302,0.3433,0.4265,NA,"dark_unassigned"
"OTU1248",0.096,0.0858,0.8182,"Neophaeomoniella","plant_associated"
"OTU1250",0.6479,0.2406,0.1115,"Vishniacozyma","other"
"OTU1257",0.3471,0.1612,0.4917,"Piskurozyma","other"
"OTU1261",0.0062,0.0092,0.9845,NA,"dark_unassigned"
"OTU1265",0.0232,0.033,0.9438,NA,"dark_unassigned"
"OTU1267",0.124,0.0423,0.8337,NA,"dark_unassigned"
"OTU1271",0.2105,0.2953,0.4942,"Aureobasidium","plant_associated"
"OTU1272",0.1457,0.0635,0.7908,"Epibryon","plant_associated"
"OTU1273",0.1348,0.1527,0.7125,"Piskurozyma","other"
"OTU1275",0.2684,0.3749,0.3567,"Bergerella","pathotroph"
"OTU1276",0.5775,0.2073,0.2152,NA,"dark_unassigned"
"OTU1277",0.1472,0.2355,0.6173,"Piskurozyma","other"
"OTU1279",0.234,0.167,0.599,NA,"dark_unassigned"
"OTU1280",0.0949,0.1403,0.7648,"Piskurozyma","other"
"OTU1283",0.7707,0.1083,0.1211,NA,"dark_unassigned"
"OTU1288",0.3664,0.3945,0.2391,"Piskurozyma","other"
"OTU1289",0.7518,0.1237,0.1245,"Dothideales_gen_Incertae_sedis","other"
"OTU1298",0.2611,0.2623,0.4765,"Parmeliopsis","other"
"OTU1300",0.6223,0.2135,0.1642,NA,"dark_unassigned"
"OTU1301",0.1483,0.0829,0.7689,NA,"dark_unassigned"
"OTU1305",0.5505,0.2208,0.2287,NA,"dung_saprotroph"
"OTU1306",0.2053,0.181,0.6137,"Stipitochalara","other"
"OTU1307",0.6251,0.1848,0.1901,NA,"dark_unassigned"
"OTU1316",0.1935,0.2691,0.5375,"Piskurozyma","other"
"OTU1317",0.2572,0.3334,0.4095,NA,"dark_unassigned"
"OTU1320",0.5446,0.2024,0.253,NA,"dung_saprotroph"
"OTU1322",0.2136,0.3217,0.4647,"Heterocephalacria","pathotroph"
"OTU1328",0.1805,0.2274,0.5921,NA,"other"
"OTU1329",0.2316,0.2859,0.4825,"Mucor","other"
"OTU1330",0.2226,0.4491,0.3283,NA,"plant_associated"
"OTU1336",0.5177,0.2644,0.2179,NA,"dung_saprotroph"
"OTU1337",0.1861,0.199,0.6148,"Calycellina","plant_associated"
"OTU1340",0.721,0.1252,0.1537,NA,"dark_unassigned"
"OTU1342",0.3147,0.4013,0.284,"Piskurozyma","other"
"OTU1345",0.3018,0.3348,0.3633,NA,"dark_unassigned"
"OTU1353",0.0068,0.0036,0.9896,"Sistotrema","plant_associated"
"OTU1357",0.0389,0.0556,0.9055,NA,"pathotroph"
"OTU1359",0.0368,0.0531,0.9101,NA,"dark_unassigned"
"OTU1360",0.2018,0.1736,0.6246,"Filobasidiales_gen_Incertae_sedis","other"
"OTU1362",0.2816,0.2337,0.4848,"Bannozyma","other"
"OTU1364",0.3279,0.3358,0.3363,"Piskurozyma","other"
"OTU1365",0.6406,0.1558,0.2036,"Perusta","other"
"OTU1366",0.1417,0.2226,0.6358,"Vishniacozyma","other"
"OTU1369",0.9103,0.0373,0.0524,NA,"dark_unassigned"
"OTU1370",0.7583,0.1215,0.1202,NA,"dark_unassigned"
"OTU1373",0.6202,0.1978,0.182,"Antarctolichenia","other"
"OTU1376",0.0883,0.1206,0.7911,"Phaeotremella","pathotroph"
"OTU1384",0.7135,0.1208,0.1656,"Myriangiales_gen_Incertae_sedis","other"
"OTU1388",0.3224,0.312,0.3656,"Pseudohyphozyma","other"
"OTU1390",0.4628,0.2144,0.3229,"Mrakia","other"
"OTU1392",0.2957,0.1783,0.526,"Bannozyma","other"
"OTU1396",0.2423,0.3274,0.4303,"Venturia","plant_associated"
"OTU1400",0.0045,0.0033,0.9922,NA,"dark_unassigned"
"OTU1410",0.0119,0.0081,0.98,"Venturia","plant_associated"
"OTU1412",0.107,0.0802,0.8127,"Piskurozyma","other"
"OTU1416",0.1302,0.1134,0.7564,NA,"dark_unassigned"
"OTU1421",0.4019,0.3186,0.2795,"Sistotrema","plant_associated"
"OTU1424",0.2176,0.2054,0.5771,"Lophium","plant_associated"
"OTU1427",0.2174,0.2573,0.5253,NA,"dark_unassigned"
"OTU1432",0.0151,0.0252,0.9597,NA,"plant_associated"
"OTU1449",0.4062,0.2376,0.3562,NA,"dark_unassigned"
"OTU1450",0.2205,0.3297,0.4498,"Ascocoryne","other"
"OTU1452",0.5247,0.3306,0.1447,NA,"dung_saprotroph"
"OTU1453",0.2127,0.183,0.6043,"Piskurozyma","other"
"OTU1455",0.0063,0.0043,0.9894,NA,"dark_unassigned"
"OTU1457",0.1899,0.3305,0.4796,NA,"pathotroph"
"OTU1463",0.2128,0.1944,0.5929,"Piskurozyma","other"
