"OTU_ID","Genus","guild","share_total","share_resid","share_lme4","n_pairs_detected","n_pairs_both","discordance","share_both"
"OTU1","Thelebolus","dung_saprotroph",0.154,0.2178,0.2052,20,16,0.2,0.0106
"OTU2","Myriangiales_gen_Incertae_sedis","other",0.6251,0.8551,0.8256,27,11,0.5926,0.138
"OTU9","Cladosporium","plant_associated",0.5923,0.6407,0.6135,9,2,0.7778,NA
"OTU14",NA,"dark_unassigned",0.0175,0.0185,0.0173,3,2,0.3333,NA
"OTU15",NA,"dark_unassigned",0.1507,0.1596,0.1501,5,4,0.2,NA
"OTU19","Malassezia","pathotroph",0.2015,0.2267,0.2137,5,3,0.4,NA
"OTU21","Venturia","plant_associated",0.6166,0.6812,0.6533,13,6,0.5385,0.1525
"OTU22",NA,"dung_saprotroph",0.0084,0.0102,0.0096,6,5,0.1667,0.0054
"OTU26",NA,"dark_unassigned",0.7003,0.7276,0.699,3,2,0.3333,NA
"OTU27",NA,"dark_unassigned",0.0048,0.0053,0.005,6,6,0,0.0219
"OTU30",NA,"dark_unassigned",0.2409,0.2976,0.2813,5,4,0.2,NA
"OTU32","Phenoliferia","other",0.3011,0.3931,0.3729,11,5,0.5455,0.193
"OTU38","Spizellomycetales_gen_Incertae_sedis","other",0.0037,0.004,0.0038,3,3,0,NA
"OTU41","Goffeauzyma","plant_associated",0.0072,0.0079,0.0074,6,5,0.1667,0.0079
"OTU43",NA,"dark_unassigned",0.0102,0.011,0.0103,6,6,0,0.0611
"OTU45","Coleophoma","plant_associated",0.1045,0.1232,0.1157,9,6,0.3333,0.3029
"OTU46",NA,"dark_unassigned",0.8676,0.9306,0.9011,7,1,0.8571,NA
"OTU47",NA,"dark_unassigned",0.0797,0.081,0.0759,3,2,0.3333,NA
"OTU51",NA,"dark_unassigned",0.0279,0.0315,0.0294,8,6,0.25,0.0087
"OTU55","Venturia","plant_associated",0.3729,0.3956,0.3753,5,2,0.6,NA
"OTU62","Tausonia","other",0.0144,0.0157,0.0146,5,4,0.2,NA
"OTU72","Krasilnikovozyma","other",0.0163,0.0166,0.0155,3,3,0,NA
"OTU74",NA,"dark_unassigned",0.4353,0.498,0.4743,4,1,0.75,NA
"OTU80",NA,"dark_unassigned",0.0322,0.0336,0.0315,3,2,0.3333,NA
"OTU90",NA,"plant_associated",0.6317,0.6719,0.6441,7,3,0.5714,NA
"OTU92",NA,"dung_saprotroph",0.0788,0.0895,0.084,17,14,0.1765,0.0098
"OTU93","Candida","plant_associated",0.0061,0.0069,0.0064,3,2,0.3333,NA
"OTU97",NA,"dark_unassigned",0.2095,0.2274,0.2143,9,5,0.4444,0.6257
"OTU104",NA,"dark_unassigned",0.6464,0.7363,0.7076,7,1,0.8571,NA
"OTU108","Coccomyces","plant_associated",0.0366,0.0393,0.0368,5,3,0.4,NA
"OTU113",NA,"pathotroph",0.325,0.3384,0.3203,6,2,0.6667,NA
"OTU121",NA,"dark_unassigned",0.3085,0.3197,0.3024,7,4,0.4286,NA
"OTU132",NA,"dark_unassigned",0.9601,1.0731,1,5,0,1,NA
"OTU136","Candida","plant_associated",0.5852,0.6224,0.5955,16,5,0.6875,0.3738
"OTU137",NA,"dark_unassigned",0.041,0.0456,0.0427,3,2,0.3333,NA
"OTU147","Bryochiton","plant_associated",0.0536,0.0568,0.0532,4,1,0.75,NA
"OTU150",NA,"dark_unassigned",0.0119,0.0128,0.0119,4,4,0,NA
"OTU153",NA,"dark_unassigned",0.6727,0.7441,0.7154,5,1,0.8,NA
"OTU159","Rhodotorula","plant_associated",0.5856,0.654,0.6265,5,1,0.8,NA
"OTU167",NA,"dark_unassigned",0.894,1.027,0.9981,5,0,1,NA
"OTU175","Mrakiaceae_gen_Incertae_sedis","other",0.1572,0.1844,0.1735,18,12,0.3333,0.05
"OTU176","Dothiora","other",0.0836,0.0877,0.0822,5,4,0.2,NA
"OTU190","Dothideales_gen_Incertae_sedis","other",0.9088,1.0183,0.9894,5,0,1,NA
"OTU192","Kabatiella","plant_associated",1.0001,1.1354,1,8,0,1,NA
"OTU194","Trichoderma","plant_associated",0.0604,0.0696,0.0652,4,4,0,NA
"OTU199","Sympodiella","plant_associated",0.0039,0.0043,0.004,3,3,0,NA
"OTU207","Microcyclospora","plant_associated",0.361,0.4159,0.3948,6,2,0.6667,NA
"OTU209","Fellozyma","other",0.5297,0.5333,0.5086,4,2,0.5,NA
"OTU213","Thelebolus","dung_saprotroph",0.0307,0.0374,0.035,10,9,0.1,0.0032
"OTU216","Hypogymnia","other",0.2824,0.3071,0.2903,5,2,0.6,NA
"OTU232",NA,"plant_associated",0.4186,0.4255,0.4041,5,1,0.8,NA
"OTU245",NA,"dark_unassigned",0.7939,0.8857,0.8561,5,1,0.8,NA
"OTU252",NA,"plant_associated",1.1309,1.2735,1,24,2,0.9167,NA
"OTU253","Tylospora","other",0.0076,0.0082,0.0077,3,3,0,NA
"OTU258",NA,"dark_unassigned",0.0547,0.0699,0.0655,10,8,0.2,0.0414
"OTU265",NA,"dark_unassigned",1.0075,1.1413,1,5,0,1,NA
"OTU267","Malassezia","pathotroph",0.7427,0.8496,0.82,5,1,0.8,NA
"OTU272",NA,"dark_unassigned",0.026,0.0272,0.0255,5,3,0.4,NA
"OTU275",NA,"dark_unassigned",0.379,0.3919,0.3717,6,3,0.5,NA
"OTU285","Dioszegia","plant_associated",0.5202,0.5406,0.5156,4,3,0.25,NA
"OTU290",NA,"dark_unassigned",0.0211,0.0228,0.0213,5,4,0.2,NA
"OTU291",NA,"other",0.0077,0.0081,0.0076,3,3,0,NA
"OTU295",NA,"dark_unassigned",0.0929,0.102,0.0957,3,2,0.3333,NA
"OTU300","Phaeotremella","pathotroph",0.5414,0.5528,0.5276,4,2,0.5,NA
"OTU305","Sistotrema","plant_associated",0.1796,0.1952,0.1837,5,1,0.8,NA
"OTU320",NA,"dark_unassigned",0.4529,0.5245,0.5,26,13,0.5,0.0384
"OTU323",NA,"dark_unassigned",0.8209,0.8378,0.8083,5,1,0.8,NA
"OTU337","Melanohalea","other",0.9166,1.0153,0.9863,7,0,1,NA
"OTU340","Cladosporium","plant_associated",0.0568,0.0616,0.0577,11,8,0.2727,0.0657
"OTU356","Godronia","plant_associated",0.4343,0.4597,0.4371,4,2,0.5,NA
"OTU357",NA,"dark_unassigned",0.0309,0.0317,0.0297,4,3,0.25,NA
"OTU367","Itersonilia","plant_associated",0.0074,0.0075,0.007,3,3,0,NA
"OTU373",NA,"dark_unassigned",0.3946,0.4274,0.4059,6,4,0.3333,NA
"OTU381",NA,"dark_unassigned",1.0083,1.166,1,11,1,0.9091,NA
"OTU383",NA,"dark_unassigned",0.4918,0.4969,0.4732,3,2,0.3333,NA
"OTU392","Pycnora","other",0.185,0.2065,0.1945,6,2,0.6667,NA
"OTU400","Phenoliferia","other",0.0023,0.0026,0.0024,5,5,0,0.0182
"OTU409","Solicoccozyma","plant_associated",0.0872,0.1046,0.0981,12,11,0.0833,0.0237
"OTU419",NA,"dark_unassigned",0.1688,0.1862,0.1752,8,7,0.125,0.0327
"OTU420",NA,"other",0.5844,0.6171,0.5903,4,1,0.75,NA
"OTU429","Cladophialophora","plant_associated",0.3435,0.3601,0.3412,4,1,0.75,NA
"OTU430","Sporormiella","dung_saprotroph",0.0934,0.0949,0.089,6,4,0.3333,NA
"OTU431",NA,"plant_associated",0.3502,0.3552,0.3364,5,1,0.8,NA
"OTU441","Venturia","plant_associated",0.0329,0.0355,0.0332,6,5,0.1667,0.0144
"OTU445",NA,"dark_unassigned",0.6677,0.6962,0.668,6,2,0.6667,NA
"OTU457","Penicillium","dung_saprotroph",0.8945,0.9972,0.9681,6,0,1,NA
"OTU475",NA,"dark_unassigned",0.636,0.6773,0.6494,4,1,0.75,NA
"OTU478",NA,"dark_unassigned",0.0287,0.0317,0.0297,3,2,0.3333,NA
"OTU483",NA,"plant_associated",0.166,0.1829,0.1721,10,7,0.3,0.0406
"OTU502","Parmelia","other",0.5856,0.6178,0.5911,5,2,0.6,NA
"OTU509","Teunia","plant_associated",0.4428,0.4848,0.4615,5,3,0.4,NA
"OTU519","Yunzhangia","other",0.6418,0.6554,0.6279,5,2,0.6,NA
"OTU523",NA,"plant_associated",0.6408,0.662,0.6344,4,2,0.5,NA
"OTU527","Piskurozyma","other",0.1995,0.2737,0.2585,9,5,0.4444,0.0098
"OTU537",NA,"pathotroph",0.6498,0.7153,0.6869,4,1,0.75,NA
"OTU538","Piskurozyma","other",0.2909,0.3024,0.2858,4,2,0.5,NA
"OTU542","Exobasidium","plant_associated",0.6147,0.6876,0.6596,8,3,0.625,NA
"OTU549",NA,"dark_unassigned",0.1265,0.1301,0.1222,5,4,0.2,NA
"OTU552",NA,"dark_unassigned",0.3241,0.3459,0.3276,4,1,0.75,NA
"OTU554","Exobasidium","plant_associated",0.8353,0.8825,0.8529,10,2,0.8,NA
"OTU564",NA,"dark_unassigned",0.0439,0.0465,0.0435,5,3,0.4,NA
"OTU573","Exobasidium","plant_associated",0.4549,0.4753,0.4522,4,1,0.75,NA
"OTU589",NA,"dark_unassigned",0.2232,0.2359,0.2224,5,2,0.6,NA
"OTU591",NA,"pathotroph",0.7911,0.8398,0.8103,5,1,0.8,NA
"OTU594","Taphrina","plant_associated",0.4652,0.5799,0.554,13,6,0.5385,0.3646
"OTU604",NA,"dark_unassigned",0.6114,0.6954,0.6672,6,1,0.8333,NA
"OTU618","Piskurozyma","other",0.0279,0.0365,0.0342,8,7,0.125,0.0189
"OTU624","Parasola","other",0.1134,0.1248,0.1172,3,2,0.3333,NA
"OTU626","Piskurozyma","other",0.2481,0.2896,0.2737,9,5,0.4444,0.0111
"OTU628","Frutidella","other",0.6466,0.6634,0.6358,12,5,0.5833,0.0313
"OTU632","Parmeliopsis","other",0.4166,0.4217,0.4004,5,2,0.6,NA
"OTU636","Sporormiella","dung_saprotroph",0.0068,0.0096,0.009,16,15,0.0625,0.0219
"OTU637",NA,"dark_unassigned",0.337,0.4281,0.4066,18,8,0.5556,0.4109
"OTU638","Vishniacozyma","other",0.0184,0.019,0.0178,3,3,0,NA
"OTU640",NA,"dark_unassigned",0.1125,0.1299,0.122,4,3,0.25,NA
"OTU651",NA,"dark_unassigned",0.2162,0.2382,0.2246,6,5,0.1667,0.263
"OTU653","Ceratobasidium","plant_associated",0.0303,0.0321,0.0301,4,2,0.5,NA
"OTU661","Piskurozyma","other",0.008,0.0102,0.0095,6,6,0,0.0298
"OTU672",NA,"dark_unassigned",0.4423,0.4564,0.4339,5,1,0.8,NA
"OTU676","Piskurozyma","other",0.0068,0.0077,0.0072,4,3,0.25,NA
"OTU683","Colacogloea","pathotroph",0.0572,0.0596,0.0559,4,3,0.25,NA
"OTU691",NA,"dark_unassigned",0.5807,0.8108,0.7814,17,6,0.6471,0.6517
"OTU715",NA,"dark_unassigned",0.7557,0.9521,0.9227,12,2,0.8333,NA
"OTU718","Saccothecium","other",0.1259,0.1333,0.1252,4,3,0.25,NA
"OTU733","Psilolechiaceae_gen_Incertae_sedis","pathotroph",0.8948,1.1117,1,16,3,0.8125,NA
"OTU749","Piskurozyma","other",0.1203,0.1615,0.1518,9,7,0.2222,0.0622
"OTU758","Meristemomyces","plant_associated",0.0745,0.0822,0.0771,12,6,0.5,0.024
"OTU776","Piskurozyma","other",0.1444,0.154,0.1448,4,3,0.25,NA
"OTU788",NA,"dark_unassigned",0.4023,0.5191,0.4947,9,3,0.6667,NA
"OTU807",NA,"dark_unassigned",0.3513,0.3722,0.3528,4,1,0.75,NA
"OTU827",NA,"dark_unassigned",0.6826,0.8044,0.7751,16,3,0.8125,NA
"OTU829",NA,"other",0.738,0.7443,0.7156,4,1,0.75,NA
"OTU846","Pseudohyphozyma","other",0.1196,0.1247,0.1171,9,7,0.2222,0.1197
"OTU874",NA,"dark_unassigned",0.3155,0.404,0.3834,11,7,0.3636,0.0088
"OTU911",NA,"dark_unassigned",0.6875,0.8313,0.8018,11,2,0.8182,NA
"OTU1024",NA,"dark_unassigned",0.1609,0.1734,0.1632,4,2,0.5,NA
"OTU1026",NA,"dark_unassigned",0.1789,0.2016,0.1898,5,2,0.6,NA
"OTU1046",NA,"dark_unassigned",0.191,0.1977,0.1862,4,3,0.25,NA
"OTU1063","Platismatia","other",0.3419,0.376,0.3564,4,1,0.75,NA
"OTU1066",NA,"dark_unassigned",0.0079,0.008,0.0075,3,2,0.3333,NA
"OTU1153","Piskurozyma","other",0.2074,0.2399,0.2262,5,3,0.4,NA
"OTU1183","Phenoliferia","other",0.0911,0.1478,0.1389,17,15,0.1176,0.0511
"OTU1206","Sporormiella","dung_saprotroph",0.1317,0.1529,0.1437,7,2,0.7143,NA
"OTU1213","Phenoliferia","other",0.1713,0.1768,0.1663,4,2,0.5,NA
"OTU1214","Pseudoleucosporidium","other",0.0153,0.0165,0.0154,4,3,0.25,NA
"OTU1215",NA,"pathotroph",0.5622,0.6175,0.5907,4,2,0.5,NA
"OTU1216","Ceratobasidium","plant_associated",0.0358,0.0383,0.0359,4,3,0.25,NA
"OTU1223","Meristemomyces","plant_associated",0.1037,0.11,0.1032,4,2,0.5,NA
"OTU1225","Coniochaeta","dung_saprotroph",0.007,0.0103,0.0096,18,17,0.0556,0.0254
"OTU1226","Phenoliferia","other",0.1849,0.2908,0.2747,17,12,0.2941,0.0207
"OTU1227","Phaeotremella","pathotroph",0.2596,0.3184,0.3011,8,5,0.375,0.0158
"OTU1229",NA,"dark_unassigned",0.7772,0.9158,0.8862,7,1,0.8571,NA
"OTU1230","Sporormiella","dung_saprotroph",0.0082,0.0087,0.0082,3,3,0,NA
"OTU1231","Coleophoma","plant_associated",0.0028,0.0034,0.0032,4,4,0,NA
"OTU1234","Mrakia","other",0.0724,0.077,0.0721,8,5,0.375,0.0552
"OTU1237",NA,"dark_unassigned",0.3398,0.3438,0.3255,4,2,0.5,NA
"OTU1239","Paraphaeomoniella","plant_associated",0.5176,0.6085,0.5819,10,3,0.7,NA
"OTU1242","Spirographa","pathotroph",0.7791,0.9076,0.878,10,2,0.8,NA
"OTU1245",NA,"dark_unassigned",0.0165,0.0173,0.0162,5,3,0.4,NA
"OTU1248","Neophaeomoniella","plant_associated",0.4995,0.5777,0.5518,9,4,0.5556,NA
"OTU1250","Vishniacozyma","other",0.0269,0.0355,0.0332,10,8,0.2,0.0024
"OTU1257","Piskurozyma","other",0.572,0.6462,0.6189,7,4,0.4286,NA
"OTU1261",NA,"dark_unassigned",0.0441,0.0468,0.0438,4,2,0.5,NA
"OTU1265",NA,"dark_unassigned",0.1072,0.113,0.106,3,2,0.3333,NA
"OTU1267",NA,"dark_unassigned",0.5371,0.6127,0.5861,9,4,0.5556,NA
"OTU1271","Aureobasidium","plant_associated",0.4774,0.4936,0.4699,12,2,0.8333,NA
"OTU1272","Epibryon","plant_associated",0.8424,0.8763,0.8467,6,1,0.8333,NA
"OTU1273","Piskurozyma","other",0.3188,0.3281,0.3104,6,4,0.3333,NA
"OTU1275","Bergerella","pathotroph",0.0055,0.0056,0.0052,8,7,0.125,0.0068
"OTU1276",NA,"dark_unassigned",0.0288,0.0326,0.0305,4,2,0.5,NA
"OTU1277","Piskurozyma","other",0.089,0.0946,0.0887,3,2,0.3333,NA
"OTU1279",NA,"dark_unassigned",0.5396,0.551,0.5258,13,6,0.5385,0.0373
"OTU1280","Piskurozyma","other",0.025,0.0256,0.0239,3,2,0.3333,NA
"OTU1283",NA,"dark_unassigned",0.2299,0.2812,0.2656,9,5,0.4444,0.2673
"OTU1288","Piskurozyma","other",0.4771,0.5197,0.4953,5,3,0.4,NA
"OTU1289","Dothideales_gen_Incertae_sedis","other",0.6872,0.8159,0.7865,13,4,0.6923,NA
"OTU1298","Parmeliopsis","other",0.0579,0.0611,0.0572,4,3,0.25,NA
"OTU1300",NA,"dark_unassigned",0.4168,0.4748,0.4517,5,1,0.8,NA
"OTU1301",NA,"dark_unassigned",0.1366,0.1513,0.1422,3,2,0.3333,NA
"OTU1305",NA,"dung_saprotroph",0.0283,0.0346,0.0323,15,12,0.2,0.0135
"OTU1306","Stipitochalara","other",0.3816,0.4066,0.3859,5,3,0.4,NA
"OTU1307",NA,"dark_unassigned",0.3283,0.3724,0.353,5,1,0.8,NA
"OTU1316","Piskurozyma","other",0.0036,0.004,0.0037,3,3,0,NA
"OTU1317",NA,"dark_unassigned",0.3273,0.3353,0.3173,6,2,0.6667,NA
"OTU1320",NA,"dung_saprotroph",0.3194,0.3819,0.362,29,19,0.3448,0.1478
"OTU1322","Heterocephalacria","pathotroph",0.6419,0.6647,0.637,4,2,0.5,NA
"OTU1328",NA,"other",0.6006,0.6131,0.5864,4,2,0.5,NA
"OTU1329","Mucor","other",0.0341,0.0346,0.0324,5,4,0.2,NA
"OTU1330",NA,"plant_associated",0.5893,0.6129,0.5862,5,1,0.8,NA
"OTU1336",NA,"dung_saprotroph",0.0209,0.0233,0.0218,8,6,0.25,0.0151
"OTU1337","Calycellina","plant_associated",0.0102,0.0108,0.0101,4,4,0,NA
"OTU1340",NA,"dark_unassigned",0.8541,0.9582,0.9288,10,1,0.9,NA
"OTU1342","Piskurozyma","other",0.5081,0.5377,0.5129,6,4,0.3333,NA
"OTU1345",NA,"dark_unassigned",0.3225,0.3453,0.3269,8,3,0.625,NA
"OTU1353","Sistotrema","plant_associated",0.004,0.0044,0.0041,3,3,0,NA
"OTU1357",NA,"pathotroph",0.2436,0.2544,0.2401,7,4,0.4286,NA
"OTU1359",NA,"dark_unassigned",0.4441,0.4863,0.4629,5,2,0.6,NA
"OTU1360","Filobasidiales_gen_Incertae_sedis","other",0.004,0.0041,0.0039,3,3,0,NA
"OTU1362","Bannozyma","other",0.4503,0.4897,0.4662,7,3,0.5714,NA
"OTU1364","Piskurozyma","other",0.0468,0.051,0.0478,5,4,0.2,NA
"OTU1365","Perusta","other",0.5775,0.6535,0.626,11,3,0.7273,NA
"OTU1366","Vishniacozyma","other",0.1511,0.1623,0.1526,3,2,0.3333,NA
"OTU1369",NA,"dark_unassigned",0.1118,0.2416,0.2279,26,22,0.1538,0.1058
"OTU1370",NA,"dark_unassigned",0.9918,1.1316,1,7,0,1,NA
"OTU1373","Antarctolichenia","other",0.454,0.523,0.4985,6,2,0.6667,NA
"OTU1376","Phaeotremella","pathotroph",0.4787,0.5038,0.4799,7,4,0.4286,NA
"OTU1384","Myriangiales_gen_Incertae_sedis","other",0.9851,1.0869,1,7,0,1,NA
"OTU1388","Pseudohyphozyma","other",0.2721,0.3418,0.3236,7,4,0.4286,NA
"OTU1390","Mrakia","other",0.2334,0.2686,0.2536,10,6,0.4,0.0284
"OTU1392","Bannozyma","other",0.431,0.5223,0.4978,7,4,0.4286,NA
"OTU1396","Venturia","plant_associated",0.7381,0.7749,0.7458,5,1,0.8,NA
"OTU1400",NA,"dark_unassigned",0.0636,0.0704,0.066,3,2,0.3333,NA
"OTU1410","Venturia","plant_associated",0.1063,0.1191,0.1118,5,3,0.4,NA
"OTU1412","Piskurozyma","other",0.276,0.2972,0.2809,6,4,0.3333,NA
"OTU1416",NA,"dark_unassigned",0.0826,0.0913,0.0857,7,4,0.4286,NA
"OTU1421","Sistotrema","plant_associated",0.2242,0.2444,0.2306,3,2,0.3333,NA
"OTU1424","Lophium","plant_associated",0.7205,0.7386,0.7099,4,1,0.75,NA
"OTU1427",NA,"dark_unassigned",0.1447,0.1557,0.1464,16,11,0.3125,0.2221
"OTU1432",NA,"plant_associated",0.3146,0.3238,0.3063,3,2,0.3333,NA
"OTU1449",NA,"dark_unassigned",0.1693,0.1883,0.1773,4,2,0.5,NA
"OTU1450","Ascocoryne","other",0.4232,0.4495,0.4273,3,2,0.3333,NA
"OTU1452",NA,"dung_saprotroph",0.5548,0.6636,0.636,6,1,0.8333,NA
"OTU1453","Piskurozyma","other",0.1326,0.1356,0.1274,6,3,0.5,NA
"OTU1455",NA,"dark_unassigned",0.0042,0.0045,0.0042,3,3,0,NA
"OTU1457",NA,"pathotroph",0.7678,0.7779,0.7488,4,1,0.75,NA
"OTU1463","Piskurozyma","other",0.0087,0.0094,0.0088,4,4,0,NA
