"model","OTU_ID","expl_R2","cv_R2","expl_AUC"
"clr","OTU1",0.519,0,NA
"clr","OTU2",0.294,0.125,NA
"clr","OTU9",0.194,0.016,NA
"clr","OTU14",0.208,-0.003,NA
"clr","OTU15",0.857,-0.002,NA
"clr","OTU19",0.138,0,NA
"clr","OTU21",0.3,-0.008,NA
"clr","OTU22",0.901,-0.106,NA
"clr","OTU26",0.406,0.019,NA
"clr","OTU27",0.78,-0.025,NA
"clr","OTU30",0.65,-0.036,NA
"clr","OTU32",0.655,-0.093,NA
"clr","OTU38",1,-0.005,NA
"clr","OTU41",0.414,-0.049,NA
"clr","OTU43",0.871,-0.06,NA
"clr","OTU45",0.298,-0.001,NA
"clr","OTU46",0.138,0.026,NA
"clr","OTU47",0.637,0.007,NA
"clr","OTU51",0.633,-0.034,NA
"clr","OTU55",0.642,-0.005,NA
"clr","OTU62",0.687,-0.095,NA
"clr","OTU72",0.882,-0.035,NA
"clr","OTU74",0.187,0.066,NA
"clr","OTU80",0.653,-0.008,NA
"clr","OTU90",0.433,-0.02,NA
"clr","OTU92",0.266,-0.008,NA
"clr","OTU93",0.176,0.104,NA
"clr","OTU97",0.537,0.003,NA
"clr","OTU104",0.173,0.072,NA
"clr","OTU108",0.904,0.011,NA
"clr","OTU113",0.723,-0.057,NA
"clr","OTU121",0.394,0,NA
"clr","OTU132",0.178,0.055,NA
"clr","OTU136",0.088,0.015,NA
"clr","OTU137",1,-0.008,NA
"clr","OTU147",0.147,-0.052,NA
"clr","OTU150",0.681,-0.063,NA
"clr","OTU153",0.332,-0.002,NA
"clr","OTU159",0.154,0.012,NA
"clr","OTU167",0.167,0.055,NA
"clr","OTU175",0.19,-0.004,NA
"clr","OTU176",0.225,0,NA
"clr","OTU190",0.152,0.058,NA
"clr","OTU192",0.162,0.05,NA
"clr","OTU194",0.702,0.023,NA
"clr","OTU199",0.631,0,NA
"clr","OTU207",0.165,0.019,NA
"clr","OTU209",0.278,-0.044,NA
"clr","OTU213",0.572,-0.043,NA
"clr","OTU216",0.122,0.016,NA
"clr","OTU232",0.218,-0.002,NA
"clr","OTU245",0.153,0.062,NA
"clr","OTU252",0.126,0.023,NA
"clr","OTU253",1,-0.002,NA
"clr","OTU258",0.656,-0.095,NA
"clr","OTU265",0.162,0.035,NA
"clr","OTU267",0.135,0.067,NA
"clr","OTU272",0.284,0.006,NA
"clr","OTU275",0.528,-0.012,NA
"clr","OTU285",0.257,0,NA
"clr","OTU290",0.225,-0.037,NA
"clr","OTU291",0.354,-0.086,NA
"clr","OTU295",1,-0.003,NA
"clr","OTU300",0.18,0.002,NA
"clr","OTU305",0.968,0,NA
"clr","OTU320",0.198,0.07,NA
"clr","OTU323",0.161,-0.002,NA
"clr","OTU337",0.187,0.034,NA
"clr","OTU340",0.345,0,NA
"clr","OTU356",0.313,0.035,NA
"clr","OTU357",0.102,-0.032,NA
"clr","OTU367",0.888,-0.022,NA
"clr","OTU373",0.23,0.007,NA
"clr","OTU381",0.176,0.093,NA
"clr","OTU383",0.557,0.003,NA
"clr","OTU392",0.933,-0.016,NA
"clr","OTU400",0.645,-0.006,NA
"clr","OTU409",0.603,-0.076,NA
"clr","OTU419",0.302,-0.001,NA
"clr","OTU420",0.558,0.005,NA
"clr","OTU429",0.171,0.008,NA
"clr","OTU430",0.121,-0.015,NA
"clr","OTU431",0.734,0,NA
"clr","OTU441",0.93,-0.001,NA
"clr","OTU445",0.315,-0.001,NA
"clr","OTU457",0.167,0.058,NA
"clr","OTU475",0.377,0.025,NA
"clr","OTU478",0.999,-0.001,NA
"clr","OTU483",0.328,-0.02,NA
"clr","OTU502",0.43,0.002,NA
"clr","OTU509",0.367,0.054,NA
"clr","OTU519",0.274,0,NA
"clr","OTU523",0.233,0.027,NA
"clr","OTU527",0.724,-0.091,NA
"clr","OTU537",0.132,0.072,NA
"clr","OTU538",0.501,-0.013,NA
"clr","OTU542",0.455,0.007,NA
"clr","OTU549",0.495,-0.002,NA
"clr","OTU552",0.704,0,NA
"clr","OTU554",0.286,0.006,NA
"clr","OTU564",0.844,0.002,NA
"clr","OTU573",0.575,-0.001,NA
"clr","OTU589",0.906,-0.001,NA
"clr","OTU591",0.41,0.001,NA
"clr","OTU594",0.208,0.072,NA
"clr","OTU604",0.158,0.077,NA
"clr","OTU618",0.748,-0.044,NA
"clr","OTU624",0.383,0.058,NA
"clr","OTU626",0.604,-0.045,NA
"clr","OTU628",0.147,0.005,NA
"clr","OTU632",0.479,0.006,NA
"clr","OTU636",0.322,0.003,NA
"clr","OTU637",0.299,0.129,NA
"clr","OTU638",0.411,-0.001,NA
"clr","OTU640",0.45,-0.031,NA
"clr","OTU651",0.461,-0.006,NA
"clr","OTU653",0.882,-0.014,NA
"clr","OTU661",0.88,-0.113,NA
"clr","OTU672",0.563,0.005,NA
"clr","OTU676",0.829,-0.061,NA
"clr","OTU683",0.863,0.009,NA
"clr","OTU691",0.351,0.172,NA
"clr","OTU715",0.243,0.142,NA
"clr","OTU718",0.835,0.021,NA
"clr","OTU733",0.241,0.076,NA
"clr","OTU749",0.823,-0.092,NA
"clr","OTU758",0.496,-0.002,NA
"clr","OTU776",0.756,-0.041,NA
"clr","OTU788",0.24,0.079,NA
"clr","OTU807",0.813,0,NA
"clr","OTU827",0.194,0.059,NA
"clr","OTU829",0.316,0.003,NA
"clr","OTU846",0.402,-0.038,NA
"clr","OTU874",0.583,-0.131,NA
"clr","OTU911",0.201,0.088,NA
"clr","OTU1024",0.611,-0.001,NA
"clr","OTU1026",0.687,0.012,NA
"clr","OTU1046",0.665,-0.004,NA
"clr","OTU1063",0.676,0.007,NA
"clr","OTU1066",0.651,-0.013,NA
"clr","OTU1153",0.422,-0.022,NA
"clr","OTU1183",0.676,-0.069,NA
"clr","OTU1206",0.258,0.007,NA
"clr","OTU1213",0.454,-0.022,NA
"clr","OTU1214",0.682,0,NA
"clr","OTU1215",0.173,0.046,NA
"clr","OTU1216",0.845,-0.014,NA
"clr","OTU1223",0.921,-0.005,NA
"clr","OTU1225",0.651,0,NA
"clr","OTU1226",0.663,-0.039,NA
"clr","OTU1227",0.375,-0.098,NA
"clr","OTU1229",0.215,0.065,NA
"clr","OTU1230",0.307,0.001,NA
"clr","OTU1231",0.224,0.001,NA
"clr","OTU1234",0.492,-0.046,NA
"clr","OTU1237",0.571,0,NA
"clr","OTU1239",0.207,0.044,NA
"clr","OTU1242",0.2,0.061,NA
"clr","OTU1245",0.843,0.001,NA
"clr","OTU1248",0.479,-0.011,NA
"clr","OTU1250",0.372,-0.047,NA
"clr","OTU1257",0.335,-0.071,NA
"clr","OTU1261",0.961,-0.001,NA
"clr","OTU1265",0.899,0,NA
"clr","OTU1267",0.497,-0.059,NA
"clr","OTU1271",0.136,0.009,NA
"clr","OTU1272",0.256,0.012,NA
"clr","OTU1273",0.445,-0.006,NA
"clr","OTU1275",0.123,-0.036,NA
"clr","OTU1276",0.154,0.012,NA
"clr","OTU1277",0.622,-0.04,NA
"clr","OTU1279",0.131,0.002,NA
"clr","OTU1280",0.602,-0.025,NA
"clr","OTU1283",0.214,0.179,NA
"clr","OTU1288",0.532,-0.041,NA
"clr","OTU1289",0.223,0.1,NA
"clr","OTU1298",0.19,0.025,NA
"clr","OTU1300",0.146,0.012,NA
"clr","OTU1301",0.387,0,NA
"clr","OTU1305",0.529,-0.028,NA
"clr","OTU1306",0.525,-0.022,NA
"clr","OTU1307",0.198,0.077,NA
"clr","OTU1316",0.786,-0.04,NA
"clr","OTU1317",0.498,0.004,NA
"clr","OTU1320",0.4,-0.038,NA
"clr","OTU1322",0.342,0.012,NA
"clr","OTU1328",0.256,0,NA
"clr","OTU1329",0.088,0.006,NA
"clr","OTU1330",0.148,-0.023,NA
"clr","OTU1336",0.394,-0.007,NA
"clr","OTU1337",0.673,0.002,NA
"clr","OTU1340",0.143,0.089,NA
"clr","OTU1342",0.516,-0.034,NA
"clr","OTU1345",0.231,0,NA
"clr","OTU1353",1,-0.006,NA
"clr","OTU1357",0.604,0,NA
"clr","OTU1359",0.395,0.001,NA
"clr","OTU1360",0.715,0.007,NA
"clr","OTU1362",0.468,-0.039,NA
"clr","OTU1364",0.382,-0.021,NA
"clr","OTU1365",0.133,0.036,NA
"clr","OTU1366",0.557,-0.04,NA
"clr","OTU1369",0.537,0.256,NA
"clr","OTU1370",0.164,0.052,NA
"clr","OTU1373",0.175,0.065,NA
"clr","OTU1376",0.497,-0.034,NA
"clr","OTU1384",0.125,0.054,NA
"clr","OTU1388",0.639,-0.045,NA
"clr","OTU1390",0.509,-0.037,NA
"clr","OTU1392",0.585,-0.08,NA
"clr","OTU1396",0.23,0,NA
"clr","OTU1400",0.998,-0.006,NA
"clr","OTU1410",0.905,-0.02,NA
"clr","OTU1412",0.664,-0.002,NA
"clr","OTU1416",0.444,0.005,NA
"clr","OTU1421",0.157,0.045,NA
"clr","OTU1424",0.306,0.003,NA
"clr","OTU1427",0.263,-0.022,NA
"clr","OTU1432",0.63,0,NA
"clr","OTU1449",0.3,0.078,NA
"clr","OTU1450",0.332,0.011,NA
"clr","OTU1452",0.172,0.063,NA
"clr","OTU1453",0.67,-0.002,NA
"clr","OTU1455",1,-0.004,NA
"clr","OTU1457",0.17,-0.007,NA
"clr","OTU1463",0.702,-0.077,NA
"pa","OTU1",0.752,NA,0.992
"pa","OTU2",0.33,NA,0.884
"pa","OTU9",0.075,NA,0.818
"pa","OTU14",0.232,NA,0.979
"pa","OTU15",0.733,NA,1
"pa","OTU19",0.064,NA,0.847
"pa","OTU21",0.328,NA,0.906
"pa","OTU22",0.566,NA,0.989
"pa","OTU26",0.599,NA,1
"pa","OTU27",0.607,NA,0.996
"pa","OTU30",0.674,NA,0.991
"pa","OTU32",0.551,NA,0.966
"pa","OTU38",0.628,NA,1
"pa","OTU41",0.475,NA,0.961
"pa","OTU43",0.626,NA,0.99
"pa","OTU45",0.401,NA,0.885
"pa","OTU46",0.142,NA,0.851
"pa","OTU47",0.283,NA,0.994
"pa","OTU51",0.482,NA,0.956
"pa","OTU55",0.398,NA,0.95
"pa","OTU62",0.633,NA,1
"pa","OTU72",0.261,NA,0.961
"pa","OTU74",0.092,NA,0.944
"pa","OTU80",0.358,NA,0.992
"pa","OTU90",0.608,NA,0.992
"pa","OTU92",0.715,NA,0.995
"pa","OTU93",0.091,NA,0.91
"pa","OTU97",0.516,NA,0.971
"pa","OTU104",0.15,NA,0.844
"pa","OTU108",0.508,NA,0.993
"pa","OTU113",0.348,NA,0.949
"pa","OTU121",0.169,NA,0.892
"pa","OTU132",0.101,NA,0.896
"pa","OTU136",0.18,NA,0.845
"pa","OTU137",0.546,NA,1
"pa","OTU147",0.145,NA,0.906
"pa","OTU150",0.467,NA,0.984
"pa","OTU153",0.199,NA,0.896
"pa","OTU159",0.039,NA,0.845
"pa","OTU167",0.136,NA,0.919
"pa","OTU175",0.559,NA,0.973
"pa","OTU176",0.171,NA,0.848
"pa","OTU190",0.14,NA,0.958
"pa","OTU192",0.144,NA,0.925
"pa","OTU194",0.286,NA,0.979
"pa","OTU199",0.548,NA,0.994
"pa","OTU207",0.403,NA,0.985
"pa","OTU209",0.363,NA,0.932
"pa","OTU213",0.544,NA,0.968
"pa","OTU216",0.196,NA,0.909
"pa","OTU232",0.091,NA,0.895
"pa","OTU245",0.047,NA,0.798
"pa","OTU252",0.169,NA,0.802
"pa","OTU253",0.633,NA,1
"pa","OTU258",0.543,NA,0.973
"pa","OTU265",0.123,NA,0.971
"pa","OTU267",0.124,NA,0.932
"pa","OTU272",0.392,NA,0.983
"pa","OTU275",0.516,NA,0.987
"pa","OTU285",0.39,NA,0.961
"pa","OTU290",0.37,NA,0.981
"pa","OTU291",0.339,NA,0.998
"pa","OTU295",0.546,NA,1
"pa","OTU300",0.264,NA,0.966
"pa","OTU305",0.357,NA,0.96
"pa","OTU320",0.304,NA,0.898
"pa","OTU323",0.208,NA,0.942
"pa","OTU337",0.14,NA,0.895
"pa","OTU340",0.361,NA,0.935
"pa","OTU356",0.351,NA,0.968
"pa","OTU357",0.132,NA,0.923
"pa","OTU367",0.251,NA,0.961
"pa","OTU373",0.54,NA,0.977
"pa","OTU381",0.179,NA,0.886
"pa","OTU383",0.412,NA,0.979
"pa","OTU392",0.402,NA,0.96
"pa","OTU400",0.552,NA,0.988
"pa","OTU409",0.791,NA,1
"pa","OTU419",0.354,NA,0.972
"pa","OTU420",0.367,NA,0.981
"pa","OTU429",0.191,NA,0.969
"pa","OTU430",0.253,NA,0.915
"pa","OTU431",0.18,NA,0.88
"pa","OTU441",0.367,NA,0.95
"pa","OTU445",0.239,NA,0.958
"pa","OTU457",0.071,NA,0.875
"pa","OTU475",0.126,NA,0.923
"pa","OTU478",0.551,NA,1
"pa","OTU483",0.608,NA,0.996
"pa","OTU502",0.391,NA,0.91
"pa","OTU509",0.485,NA,0.985
"pa","OTU519",0.338,NA,0.951
"pa","OTU523",0.454,NA,0.968
"pa","OTU527",0.557,NA,0.968
"pa","OTU537",0.057,NA,0.837
"pa","OTU538",0.511,NA,0.992
"pa","OTU542",0.509,NA,0.984
"pa","OTU549",0.461,NA,0.984
"pa","OTU552",0.373,NA,0.981
"pa","OTU554",0.241,NA,0.9
"pa","OTU564",0.234,NA,0.962
"pa","OTU573",0.286,NA,0.962
"pa","OTU589",0.491,NA,0.976
"pa","OTU591",0.289,NA,0.977
"pa","OTU594",0.215,NA,0.899
"pa","OTU604",0.088,NA,0.894
"pa","OTU618",0.733,NA,0.997
"pa","OTU624",0.314,NA,0.983
"pa","OTU626",0.523,NA,0.958
"pa","OTU628",0.318,NA,0.916
"pa","OTU632",0.225,NA,0.873
"pa","OTU636",0.594,NA,0.986
"pa","OTU637",0.4,NA,0.918
"pa","OTU638",0.334,NA,0.963
"pa","OTU640",0.409,NA,0.979
"pa","OTU651",0.311,NA,0.97
"pa","OTU653",0.299,NA,0.947
"pa","OTU661",0.782,NA,1
"pa","OTU672",0.417,NA,0.977
"pa","OTU676",0.429,NA,0.98
"pa","OTU683",0.457,NA,0.99
"pa","OTU691",0.391,NA,0.946
"pa","OTU715",0.274,NA,0.934
"pa","OTU718",0.571,NA,1
"pa","OTU733",0.301,NA,0.918
"pa","OTU749",0.81,NA,0.999
"pa","OTU758",0.325,NA,0.882
"pa","OTU776",0.259,NA,0.958
"pa","OTU788",0.333,NA,0.952
"pa","OTU807",0.293,NA,0.948
"pa","OTU827",0.202,NA,0.861
"pa","OTU829",0.371,NA,0.962
"pa","OTU846",0.635,NA,0.993
"pa","OTU874",0.746,NA,0.995
"pa","OTU911",0.189,NA,0.87
"pa","OTU1024",0.165,NA,0.953
"pa","OTU1026",0.3,NA,0.979
"pa","OTU1046",0.328,NA,0.962
"pa","OTU1063",0.373,NA,0.979
"pa","OTU1066",0.214,NA,0.967
"pa","OTU1153",0.45,NA,0.978
"pa","OTU1183",0.807,NA,0.996
"pa","OTU1206",0.258,NA,0.968
"pa","OTU1213",0.28,NA,0.971
"pa","OTU1214",0.29,NA,0.964
"pa","OTU1215",0.235,NA,0.966
"pa","OTU1216",0.318,NA,0.957
"pa","OTU1223",0.438,NA,0.974
"pa","OTU1225",0.874,NA,0.999
"pa","OTU1226",0.673,NA,0.973
"pa","OTU1227",0.546,NA,0.978
"pa","OTU1229",0.09,NA,0.899
"pa","OTU1230",0.073,NA,0.871
"pa","OTU1231",0.401,NA,0.981
"pa","OTU1234",0.244,NA,0.917
"pa","OTU1237",0.381,NA,0.981
"pa","OTU1239",0.259,NA,0.92
"pa","OTU1242",0.139,NA,0.839
"pa","OTU1245",0.24,NA,0.962
"pa","OTU1248",0.373,NA,0.925
"pa","OTU1250",0.485,NA,0.962
"pa","OTU1257",0.566,NA,0.981
"pa","OTU1261",0.476,NA,0.998
"pa","OTU1265",0.433,NA,0.987
"pa","OTU1267",0.359,NA,0.961
"pa","OTU1271",0.118,NA,0.799
"pa","OTU1272",0.123,NA,0.857
"pa","OTU1273",0.565,NA,0.987
"pa","OTU1275",0.428,NA,0.97
"pa","OTU1276",0.176,NA,0.963
"pa","OTU1277",0.519,NA,0.998
"pa","OTU1279",0.137,NA,0.86
"pa","OTU1280",0.331,NA,0.988
"pa","OTU1283",0.254,NA,0.929
"pa","OTU1288",0.577,NA,0.995
"pa","OTU1289",0.249,NA,0.914
"pa","OTU1298",0.41,NA,0.985
"pa","OTU1300",0.125,NA,0.854
"pa","OTU1301",0.48,NA,0.996
"pa","OTU1305",0.664,NA,0.983
"pa","OTU1306",0.39,NA,0.963
"pa","OTU1307",0.195,NA,0.966
"pa","OTU1316",0.666,NA,1
"pa","OTU1317",0.115,NA,0.877
"pa","OTU1320",0.443,NA,0.909
"pa","OTU1322",0.186,NA,0.921
"pa","OTU1328",0.519,NA,0.985
"pa","OTU1329",0.289,NA,0.953
"pa","OTU1330",0.142,NA,0.929
"pa","OTU1336",0.43,NA,0.968
"pa","OTU1337",0.421,NA,0.974
"pa","OTU1340",0.148,NA,0.883
"pa","OTU1342",0.438,NA,0.975
"pa","OTU1345",0.297,NA,0.891
"pa","OTU1353",0.608,NA,1
"pa","OTU1357",0.519,NA,0.981
"pa","OTU1359",0.191,NA,0.874
"pa","OTU1360",0.463,NA,0.989
"pa","OTU1362",0.382,NA,0.963
"pa","OTU1364",0.302,NA,0.944
"pa","OTU1365",0.096,NA,0.823
"pa","OTU1366",0.521,NA,1
"pa","OTU1369",0.733,NA,0.995
"pa","OTU1370",0.124,NA,0.924
"pa","OTU1373",0.086,NA,0.871
"pa","OTU1376",0.654,NA,0.99
"pa","OTU1384",0.062,NA,0.832
"pa","OTU1388",0.479,NA,0.977
"pa","OTU1390",0.573,NA,0.969
"pa","OTU1392",0.59,NA,0.986
"pa","OTU1396",0.133,NA,0.896
"pa","OTU1400",0.547,NA,1
"pa","OTU1410",0.467,NA,0.983
"pa","OTU1412",0.435,NA,0.987
"pa","OTU1416",0.576,NA,0.991
"pa","OTU1421",0.341,NA,0.981
"pa","OTU1424",0.354,NA,0.938
"pa","OTU1427",0.618,NA,0.972
"pa","OTU1432",0.194,NA,0.958
"pa","OTU1449",0.431,NA,0.995
"pa","OTU1450",0.374,NA,1
"pa","OTU1452",0.243,NA,0.985
"pa","OTU1453",0.35,NA,0.951
"pa","OTU1455",0.613,NA,1
"pa","OTU1457",0.124,NA,0.881
"pa","OTU1463",0.481,NA,0.979
