"OTU_ID","beta_season_mean","guild","gllvm_season"
"OTU1",4.166,"dung_saprotroph",2.98411636149773
"OTU1024",0.08,"dark_unassigned",28.8606631275963
"OTU1026",0.012,"dark_unassigned",30.8747395844181
"OTU104",-0.855,"dark_unassigned",-11.7702841788705
"OTU1046",0.248,"dark_unassigned",30.1542550552608
"OTU1063",-0.122,"other",9.68080879783523
"OTU1066",-0.103,"dark_unassigned",9.68061045043418
"OTU108",-0.057,"plant_associated",32.3141880603556
"OTU113",0.235,"pathotroph",35.565019543878
"OTU1183",2.771,"other",10.8142103841268
"OTU1206",-0.298,"dung_saprotroph",-10.2583012784507
"OTU121",0.057,"dark_unassigned",17.155699398429
"OTU1215",-0.479,"pathotroph",-10.8077196534279
"OTU1223",-0.014,"plant_associated",27.4158606730013
"OTU1225",3.443,"dung_saprotroph",17.2753582108767
"OTU1226",2.276,"other",9.00126584005869
"OTU1230",-0.035,"dung_saprotroph",16.1279658712864
"OTU1231",-0.439,"plant_associated",18.9593718682535
"OTU1237",0.125,"dark_unassigned",28.5539594790933
"OTU1239",-1.281,"plant_associated",-12.8427121891424
"OTU1242",-1.241,"pathotroph",-11.8705729784495
"OTU1245",0.025,"dark_unassigned",28.5361197163747
"OTU1248",0.317,"plant_associated",2.05023166057812
"OTU1261",0.03,"dark_unassigned",26.4061763928577
"OTU1265",-0.017,"dark_unassigned",6.48655504647389
"OTU1267",0.642,"dark_unassigned",39.2977015174684
"OTU1271",-0.115,"plant_associated",-0.312310662182419
"OTU1272",-0.338,"plant_associated",-0.0152337585673463
"OTU1273",0.233,"other",-2.96298795981946
"OTU1275",-0.238,"pathotroph",-16.1377514364985
"OTU1279",-0.473,"dark_unassigned",-3.99953878730062
"OTU1289",-1.211,"other",-10.9952934514029
"OTU1298",-0.217,"other",-6.27605173073427
"OTU1301",-0.416,"dark_unassigned",1.05537859801426
"OTU1305",1.438,"dung_saprotroph",11.8626629298878
"OTU1306",0.288,"other",30.793239927269
"OTU1317",0.048,"dark_unassigned",5.80930251386281
"OTU1320",2.199,"dung_saprotroph",-0.438759795563698
"OTU1322",-0.132,"pathotroph",3.95232779500371
"OTU1328",-0.021,"other",-0.977773925826116
"OTU1329",-0.086,"other",1.03998648553123
"OTU1330",0.021,"plant_associated",8.22989755700251
"OTU1337",0.172,"plant_associated",27.4671699475665
"OTU1340",-0.944,"dark_unassigned",-7.61464071641725
"OTU1342",0.22,"other",16.2274315475613
"OTU1345",0.306,"dark_unassigned",6.09293650812945
"OTU1357",0.038,"pathotroph",9.58176284140571
"OTU1359",0.169,"dark_unassigned",7.34869670216542
"OTU136",-0.907,"plant_associated",-1.1352599578181
"OTU1365",-0.9,"other",-7.72420607977639
"OTU1369",-5.004,"dark_unassigned",-6.922542800943
"OTU1370",-0.931,"dark_unassigned",-8.58093296980453
"OTU1373",-0.928,"other",-6.13445231165647
"OTU1376",0.114,"pathotroph",5.47101236942318
"OTU1384",-0.794,"other",-6.82216769872754
"OTU1390",0.878,"other",6.92180733928657
"OTU1396",0.177,"plant_associated",31.0956819189257
"OTU1410",0.232,"plant_associated",32.021382749102
"OTU1416",-0.566,"dark_unassigned",1.76017902355644
"OTU1421",-0.489,"plant_associated",-5.16455842488338
"OTU1427",0.282,"dark_unassigned",2.71405523958528
"OTU1452",-0.554,"dung_saprotroph",-10.5083774782482
"OTU147",-0.093,"plant_associated",-17.0340963291178
"OTU15",0.098,"dark_unassigned",14.6521851150252
"OTU153",-0.093,"dark_unassigned",4.1927738284778
"OTU159",-0.517,"plant_associated",-1.74875464713521
"OTU175",0.977,"other",10.0149564446435
"OTU176",-0.171,"other",-3.84757049599328
"OTU19",-0.546,"pathotroph",0.623113231404008
"OTU192",-0.843,"plant_associated",-5.91429374642934
"OTU194",0.025,"plant_associated",2.30104100567359
"OTU199",0.217,"plant_associated",31.0843186401611
"OTU2",-2.822,"other",-7.93550003111553
"OTU207",-0.691,"plant_associated",-3.24078386586896
"OTU21",0.719,"plant_associated",3.81364959409479
"OTU213",1.673,"dung_saprotroph",8.04258400237389
"OTU216",-0.375,"other",-6.71540920596449
"OTU232",-0.04,"plant_associated",-3.42981705750464
"OTU245",-0.744,"dark_unassigned",-6.20936799308204
"OTU252",-1.306,"plant_associated",-0.241656212323522
"OTU258",1.103,"dark_unassigned",42.5613339147096
"OTU265",-0.717,"dark_unassigned",-8.38061065165847
"OTU27",0.503,"dark_unassigned",36.3799203189621
"OTU272",0.176,"dark_unassigned",34.8835460742933
"OTU305",0.053,"plant_associated",5.80155677409268
"OTU32",1.14,"other",40.0783221491472
"OTU320",-1.835,"dark_unassigned",-2.86920645142023
"OTU337",-0.529,"other",-7.9827670405421
"OTU340",0.132,"plant_associated",1.58018916874047
"OTU357",0.338,"dark_unassigned",35.3493581195398
"OTU373",-0.261,"dark_unassigned",-2.22458959157494
"OTU381",-0.941,"dark_unassigned",-11.1731760790839
"OTU400",0.728,"other",29.5679041378748
"OTU409",1.141,"plant_associated",12.4380071001565
"OTU419",0.67,"dark_unassigned",9.25879701098716
"OTU420",-0.112,"other",10.1295938552558
"OTU429",-0.086,"plant_associated",-4.71856910908106
"OTU430",0.08,"dung_saprotroph",5.47769350289415
"OTU431",0.137,"plant_associated",28.2509678761
"OTU441",0.296,"plant_associated",39.3005768148357
"OTU445",-0.038,"dark_unassigned",-3.68439984424986
"OTU45",-0.715,"plant_associated",-0.0607822438386415
"OTU457",-0.497,"dung_saprotroph",-19.5818541335919
"OTU46",-0.491,"dark_unassigned",-4.87960524714435
"OTU483",0.594,"plant_associated",11.90789819507
"OTU502",-0.156,"other",-4.17269434698556
"OTU51",0.631,"dark_unassigned",36.0533285557357
"OTU523",-0.237,"plant_associated",-8.275003330803
"OTU527",0.909,"other",42.463585228206
"OTU537",-0.592,"pathotroph",-17.4056411920531
"OTU542",0.033,"plant_associated",10.9338838351697
"OTU55",0.111,"plant_associated",5.0278121860227
"OTU552",-0.176,"dark_unassigned",13.4173171050284
"OTU554",-0.322,"plant_associated",-2.44702560488708
"OTU564",0.066,"dark_unassigned",27.8273251616827
"OTU573",-0.2,"plant_associated",-5.41706948635776
"OTU589",0.014,"dark_unassigned",30.3880932294344
"OTU591",-0.015,"pathotroph",28.2418822565364
"OTU594",-0.856,"plant_associated",-8.40504542964266
"OTU618",1.071,"other",31.1690992242681
"OTU62",0.568,"other",12.230770721094
"OTU626",0.817,"other",35.3834888356241
"OTU628",0.116,"other",4.20053788093083
"OTU632",0.117,"other",1.92339746178132
"OTU636",3.515,"dung_saprotroph",17.2246034322505
"OTU637",-1.929,"dark_unassigned",-6.42819528317218
"OTU638",-0.108,"other",0.368303555834625
"OTU651",0.424,"dark_unassigned",36.2113834117325
"OTU749",1.067,"other",36.4371611586691
"OTU758",0.379,"plant_associated",4.98702278163061
"OTU776",0.398,"other",47.3160504102216
"OTU807",-0.049,"dark_unassigned",25.721497355601
"OTU827",-1.469,"dark_unassigned",-8.48039523244057
"OTU846",0.394,"other",11.8991994358146
"OTU874",0.87,"dark_unassigned",41.7978870045473
"OTU9",-0.453,"plant_associated",-0.754514374149221
"OTU911",-1.451,"dark_unassigned",-13.3488145912457
"OTU92",1.453,"dung_saprotroph",0.41875336642263
"OTU97",-0.13,"dark_unassigned",7.42503515420116
