"OTU_ID","Genus","guild","beta_season_mean","beta_season_support","beta_season_CrI2.5","beta_season_CrI97.5","beta_season_std_mean"
"OTU1","Thelebolus","dung_saprotroph",3.391,1,1.961,4.867,0.683
"OTU636","Sporormiella","dung_saprotroph",3.169,1,1.821,4.509,0.759
"OTU1225","Coniochaeta","dung_saprotroph",2.495,1,1.388,3.642,0.63
"OTU1183","Phenoliferia","other",2.171,1,1.347,2.997,0.755
"OTU1320",NA,"dung_saprotroph",1.842,0.997,0.583,3.106,0.457
"OTU1226","Phenoliferia","other",1.735,1,0.988,2.471,0.684
"OTU92",NA,"dung_saprotroph",1.26,0.99,0.169,2.296,0.386
"OTU419",NA,"dark_unassigned",1.162,1,0.448,1.887,0.503
"OTU483",NA,"plant_associated",1.162,0.989,0.166,2.119,0.369
"OTU1250","Vishniacozyma","other",1.109,0.998,0.36,1.844,0.478
"OTU1305",NA,"dung_saprotroph",1.06,0.996,0.256,1.833,0.43
"OTU258",NA,"dark_unassigned",1.046,1,0.422,1.676,0.522
"OTU175","Mrakiaceae_gen_Incertae_sedis","other",1.007,0.959,-0.115,2.176,0.286
"OTU409","Solicoccozyma","plant_associated",0.819,0.996,0.21,1.415,0.427
"OTU21","Venturia","plant_associated",0.796,0.997,0.21,1.362,0.448
"OTU1267",NA,"dark_unassigned",0.758,0.997,0.213,1.306,0.417
"OTU213","Thelebolus","dung_saprotroph",0.757,0.962,-0.122,1.612,0.262
"OTU1234","Mrakia","other",0.736,0.998,0.248,1.243,0.49
"OTU618","Piskurozyma","other",0.72,0.998,0.201,1.229,0.414
"OTU51",NA,"dark_unassigned",0.693,0.997,0.168,1.202,0.441
"OTU400","Phenoliferia","other",0.68,0.99,0.121,1.218,0.404
"OTU1336",NA,"dung_saprotroph",0.665,0.984,0.049,1.282,0.349
"OTU758","Meristemomyces","plant_associated",0.6,0.961,-0.053,1.249,0.264
"OTU1390","Mrakia","other",0.561,0.964,-0.045,1.144,0.295
"OTU272",NA,"dark_unassigned",0.555,0.994,0.119,0.984,0.408
"OTU357",NA,"dark_unassigned",0.529,0.929,-0.168,1.221,0.263
"OTU1257","Piskurozyma","other",0.527,0.991,0.087,0.955,0.402
"OTU874",NA,"dark_unassigned",0.518,0.988,0.069,0.976,0.352
"OTU1345",NA,"dark_unassigned",0.505,0.94,-0.136,1.136,0.271
"OTU651",NA,"dark_unassigned",0.502,0.973,-0.006,1.027,0.31
"OTU32","Phenoliferia","other",0.498,0.962,-0.047,1.049,0.271
"OTU199","Sympodiella","plant_associated",0.465,0.984,0.038,0.898,0.282
"OTU564",NA,"dark_unassigned",0.461,0.959,-0.074,0.989,0.294
"OTU626","Piskurozyma","other",0.452,0.973,-0.013,0.894,0.299
"OTU749","Piskurozyma","other",0.451,0.985,0.046,0.865,0.283
"OTU653","Ceratobasidium","plant_associated",0.419,0.954,-0.085,0.919,0.281
"OTU1337","Calycellina","plant_associated",0.414,0.99,0.062,0.765,0.387
"OTU27",NA,"dark_unassigned",0.405,0.98,0.014,0.792,0.255
"OTU291",NA,"other",0.398,0.908,-0.196,0.99,0.229
"OTU1245",NA,"dark_unassigned",0.386,0.938,-0.092,0.863,0.267
"OTU41","Goffeauzyma","plant_associated",0.383,0.899,-0.199,0.947,0.202
"OTU1248","Neophaeomoniella","plant_associated",0.37,0.973,-0.006,0.756,0.296
"OTU1216","Ceratobasidium","plant_associated",0.368,0.946,-0.082,0.84,0.262
"OTU113",NA,"pathotroph",0.366,0.946,-0.08,0.803,0.279
"OTU194","Trichoderma","plant_associated",0.364,0.934,-0.105,0.838,0.252
"OTU632","Parmeliopsis","other",0.349,0.931,-0.117,0.799,0.255
"OTU1396","Venturia","plant_associated",0.347,0.923,-0.144,0.839,0.24
"OTU1227","Phaeotremella","pathotroph",0.346,0.928,-0.111,0.797,0.24
"OTU527","Piskurozyma","other",0.344,0.928,-0.112,0.781,0.213
"OTU290",NA,"dark_unassigned",0.343,0.857,-0.298,0.963,0.179
"OTU1046",NA,"dark_unassigned",0.343,0.931,-0.117,0.771,0.265
"OTU431",NA,"plant_associated",0.337,0.954,-0.058,0.737,0.281
"OTU441","Venturia","plant_associated",0.332,0.963,-0.032,0.702,0.187
"OTU1024",NA,"dark_unassigned",0.326,0.946,-0.069,0.707,0.261
"OTU1214","Pseudoleucosporidium","other",0.316,0.912,-0.128,0.771,0.234
"OTU661","Piskurozyma","other",0.292,0.92,-0.115,0.7,0.204
"OTU1153","Piskurozyma","other",0.291,0.908,-0.129,0.73,0.225
"OTU1359",NA,"dark_unassigned",0.29,0.894,-0.175,0.748,0.194
"OTU55","Venturia","plant_associated",0.288,0.922,-0.122,0.702,0.187
"OTU1306","Stipitochalara","other",0.281,0.942,-0.072,0.634,0.261
"OTU1275","Bergerella","pathotroph",0.28,0.776,-0.461,1.019,0.129
"OTU1392","Bannozyma","other",0.278,0.943,-0.074,0.625,0.238
"OTU1330",NA,"plant_associated",0.275,0.875,-0.195,0.744,0.197
"OTU1450","Ascocoryne","other",0.257,0.94,-0.067,0.586,0.266
"OTU1410","Venturia","plant_associated",0.251,0.983,0.017,0.481,0.197
"OTU1237",NA,"dark_unassigned",0.246,0.909,-0.123,0.613,0.232
"OTU628","Frutidella","other",0.244,0.811,-0.303,0.799,0.148
"OTU1388","Pseudohyphozyma","other",0.243,0.91,-0.114,0.595,0.212
"OTU1328",NA,"other",0.228,0.892,-0.137,0.588,0.207
"OTU232",NA,"plant_associated",0.227,0.795,-0.303,0.781,0.141
"OTU1463","Piskurozyma","other",0.227,0.909,-0.114,0.568,0.217
"OTU108","Coccomyces","plant_associated",0.214,0.912,-0.101,0.521,0.168
"OTU829",NA,"other",0.208,0.905,-0.1,0.511,0.221
"OTU676","Piskurozyma","other",0.203,0.824,-0.225,0.639,0.149
"OTU1261",NA,"dark_unassigned",0.197,0.903,-0.111,0.506,0.13
"OTU392","Pycnora","other",0.19,0.936,-0.059,0.436,0.178
"OTU1453","Piskurozyma","other",0.186,0.85,-0.149,0.537,0.179
"OTU1360","Filobasidiales_gen_Incertae_sedis","other",0.183,0.84,-0.182,0.555,0.164
"OTU430","Sporormiella","dung_saprotroph",0.181,0.726,-0.413,0.766,0.106
"OTU38","Spizellomycetales_gen_Incertae_sedis","other",0.175,0.965,-0.014,0.361,0.143
"OTU429","Cladophialophora","plant_associated",0.175,0.775,-0.283,0.638,0.129
"OTU776","Piskurozyma","other",0.172,0.77,-0.281,0.634,0.124
"OTU1432",NA,"plant_associated",0.169,0.782,-0.256,0.592,0.113
"OTU1353","Sistotrema","plant_associated",0.166,0.953,-0.028,0.357,0.131
"OTU22",NA,"dung_saprotroph",0.164,0.744,-0.361,0.677,0.088
"OTU1364","Piskurozyma","other",0.164,0.803,-0.224,0.534,0.144
"OTU1026",NA,"dark_unassigned",0.163,0.836,-0.178,0.499,0.138
"OTU1455",NA,"dark_unassigned",0.163,0.955,-0.028,0.352,0.133
"OTU147","Bryochiton","plant_associated",0.162,0.753,-0.319,0.624,0.118
"OTU591",NA,"pathotroph",0.158,0.804,-0.198,0.52,0.136
"OTU1362","Bannozyma","other",0.139,0.783,-0.213,0.495,0.125
"OTU1271","Aureobasidium","plant_associated",0.138,0.679,-0.44,0.728,0.079
"OTU43",NA,"dark_unassigned",0.135,0.782,-0.191,0.471,0.124
"OTU26",NA,"dark_unassigned",0.134,0.866,-0.101,0.373,0.178
"OTU323",NA,"dark_unassigned",0.125,0.767,-0.224,0.455,0.12
"OTU1273","Piskurozyma","other",0.119,0.728,-0.264,0.494,0.1
"OTU1317",NA,"dark_unassigned",0.119,0.711,-0.255,0.518,0.103
"OTU383",NA,"dark_unassigned",0.118,0.854,-0.103,0.333,0.169
"OTU1412","Piskurozyma","other",0.118,0.766,-0.2,0.429,0.114
"OTU1213","Phenoliferia","other",0.116,0.716,-0.31,0.522,0.094
"OTU253","Tylospora","other",0.113,0.902,-0.063,0.283,0.101
"OTU15",NA,"dark_unassigned",0.105,0.732,-0.213,0.435,0.069
"OTU445",NA,"dark_unassigned",0.104,0.677,-0.346,0.559,0.075
"OTU1400",NA,"dark_unassigned",0.103,0.829,-0.109,0.314,0.083
"OTU150",NA,"dark_unassigned",0.102,0.776,-0.164,0.372,0.119
"OTU1223","Meristemomyces","plant_associated",0.101,0.814,-0.116,0.325,0.092
"OTU90",NA,"plant_associated",0.093,0.749,-0.173,0.364,0.11
"OTU542","Exobasidium","plant_associated",0.092,0.654,-0.364,0.544,0.06
"OTU295",NA,"dark_unassigned",0.085,0.797,-0.114,0.293,0.071
"OTU640",NA,"dark_unassigned",0.085,0.637,-0.388,0.57,0.057
"OTU137",NA,"dark_unassigned",0.08,0.776,-0.126,0.283,0.067
"OTU420",NA,"other",0.077,0.638,-0.341,0.502,0.053
"OTU30",NA,"dark_unassigned",0.067,0.675,-0.214,0.348,0.067
"OTU72","Krasilnikovozyma","other",0.057,0.639,-0.275,0.385,0.059
"OTU305","Sistotrema","plant_associated",0.057,0.686,-0.17,0.279,0.053
"OTU549",NA,"dark_unassigned",0.055,0.711,-0.141,0.246,0.092
"OTU121",NA,"dark_unassigned",0.053,0.568,-0.601,0.684,0.028
"OTU97",NA,"dark_unassigned",0.051,0.581,-0.497,0.589,0.027
"OTU589",NA,"dark_unassigned",0.039,0.64,-0.176,0.255,0.038
"OTU1342","Piskurozyma","other",0.033,0.569,-0.349,0.409,0.03
"OTU718","Saccothecium","other",0.029,0.65,-0.127,0.186,0.058
"OTU519","Yunzhangia","other",0.025,0.589,-0.208,0.252,0.036
"OTU14",NA,"dark_unassigned",0.02,0.545,-0.286,0.326,0.021
"OTU1265",NA,"dark_unassigned",0.013,0.533,-0.255,0.295,0.014
"OTU275",NA,"dark_unassigned",0.007,0.523,-0.259,0.271,0.008
"OTU367","Itersonilia","plant_associated",0.004,0.511,-0.255,0.271,0.005
"OTU153",NA,"dark_unassigned",0,0.499,-0.407,0.412,0
"OTU356","Godronia","plant_associated",-0.003,0.488,-0.274,0.264,-0.004
"OTU1230","Sporormiella","dung_saprotroph",-0.012,0.484,-0.47,0.467,-0.009
"OTU478",NA,"dark_unassigned",-0.013,0.447,-0.183,0.159,-0.013
"OTU1288","Piskurozyma","other",-0.015,0.463,-0.332,0.298,-0.016
"OTU475",NA,"dark_unassigned",-0.024,0.41,-0.236,0.195,-0.036
"OTU846","Pseudohyphozyma","other",-0.026,0.465,-0.474,0.429,-0.018
"OTU1424","Lophium","plant_associated",-0.026,0.435,-0.325,0.268,-0.029
"OTU538","Piskurozyma","other",-0.035,0.343,-0.208,0.136,-0.063
"OTU62","Tausonia","other",-0.038,0.444,-0.509,0.44,-0.023
"OTU807",NA,"dark_unassigned",-0.038,0.371,-0.276,0.193,-0.038
"OTU672",NA,"dark_unassigned",-0.04,0.315,-0.197,0.115,-0.081
"OTU1457",NA,"pathotroph",-0.04,0.421,-0.431,0.355,-0.036
"OTU509","Teunia","plant_associated",-0.043,0.352,-0.257,0.174,-0.062
"OTU1357",NA,"pathotroph",-0.044,0.406,-0.394,0.291,-0.039
"OTU683","Colacogloea","pathotroph",-0.052,0.278,-0.234,0.129,-0.095
"OTU523",NA,"plant_associated",-0.059,0.384,-0.455,0.332,-0.049
"OTU1329","Mucor","other",-0.07,0.36,-0.472,0.342,-0.059
"OTU1427",NA,"dark_unassigned",-0.073,0.43,-0.831,0.691,-0.031
"OTU300","Phaeotremella","pathotroph",-0.087,0.288,-0.383,0.204,-0.1
"OTU285","Dioszegia","plant_associated",-0.09,0.23,-0.323,0.147,-0.125
"OTU47",NA,"dark_unassigned",-0.102,0.232,-0.375,0.162,-0.109
"OTU1280","Piskurozyma","other",-0.105,0.242,-0.405,0.193,-0.112
"OTU373",NA,"dark_unassigned",-0.116,0.326,-0.632,0.408,-0.073
"OTU624","Parasola","other",-0.118,0.132,-0.323,0.093,-0.182
"OTU1063","Platismatia","other",-0.125,0.181,-0.393,0.144,-0.125
"OTU1322","Heterocephalacria","pathotroph",-0.125,0.24,-0.486,0.228,-0.121
"OTU1366","Vishniacozyma","other",-0.128,0.192,-0.415,0.16,-0.134
"OTU1277","Piskurozyma","other",-0.132,0.188,-0.434,0.157,-0.14
"OTU502","Parmelia","other",-0.142,0.242,-0.525,0.259,-0.111
"OTU1298","Parmeliopsis","other",-0.152,0.188,-0.486,0.177,-0.148
"OTU209","Fellozyma","other",-0.16,0.143,-0.466,0.146,-0.178
"OTU573","Exobasidium","plant_associated",-0.165,0.171,-0.512,0.163,-0.137
"OTU80",NA,"dark_unassigned",-0.183,0.094,-0.457,0.099,-0.211
"OTU552",NA,"dark_unassigned",-0.195,0.097,-0.479,0.098,-0.176
"OTU340","Cladosporium","plant_associated",-0.206,0.226,-0.756,0.354,-0.118
"OTU1421","Sistotrema","plant_associated",-0.206,0.238,-0.776,0.347,-0.124
"OTU176","Dothiora","other",-0.218,0.184,-0.702,0.246,-0.149
"OTU1316","Piskurozyma","other",-0.221,0.079,-0.529,0.087,-0.203
"OTU1272","Epibryon","plant_associated",-0.225,0.126,-0.615,0.158,-0.192
"OTU638","Vishniacozyma","other",-0.24,0.136,-0.693,0.201,-0.186
"OTU1449",NA,"dark_unassigned",-0.251,0.072,-0.578,0.088,-0.248
"OTU1376","Phaeotremella","pathotroph",-0.277,0.059,-0.622,0.085,-0.241
"OTU1206","Sporormiella","dung_saprotroph",-0.284,0.152,-0.849,0.255,-0.172
"OTU46",NA,"dark_unassigned",-0.3,0.094,-0.76,0.141,-0.219
"OTU159","Rhodotorula","plant_associated",-0.334,0.128,-0.9,0.244,-0.197
"OTU1066",NA,"dark_unassigned",-0.336,0.099,-0.846,0.179,-0.219
"OTU457","Penicillium","dung_saprotroph",-0.341,0.078,-0.819,0.122,-0.245
"OTU216","Hypogymnia","other",-0.35,0.081,-0.826,0.133,-0.243
"OTU1279",NA,"dark_unassigned",-0.35,0.189,-1.118,0.432,-0.153
"OTU1215",NA,"pathotroph",-0.355,0.027,-0.713,0.008,-0.328
"OTU19","Malassezia","pathotroph",-0.358,0.142,-1.011,0.282,-0.184
"OTU1231","Coleophoma","plant_associated",-0.37,0.154,-1.051,0.347,-0.173
"OTU1301",NA,"dark_unassigned",-0.396,0.01,-0.73,-0.067,-0.36
"OTU337","Melanohalea","other",-0.414,0.037,-0.866,0.04,-0.299
"OTU554","Exobasidium","plant_associated",-0.436,0.045,-0.961,0.066,-0.276
"OTU9","Cladosporium","plant_associated",-0.472,0.063,-1.086,0.134,-0.266
"OTU1452",NA,"dung_saprotroph",-0.485,0.024,-0.944,-0.005,-0.353
"OTU1307",NA,"dark_unassigned",-0.507,0.026,-1.012,0.001,-0.332
"OTU167",NA,"dark_unassigned",-0.515,0.016,-0.97,-0.053,-0.367
"OTU537",NA,"pathotroph",-0.516,0.012,-0.989,-0.08,-0.381
"OTU1276",NA,"dark_unassigned",-0.516,0.021,-0.999,-0.014,-0.345
"OTU265",NA,"dark_unassigned",-0.523,0.024,-1.041,-0.006,-0.335
"OTU190","Dothideales_gen_Incertae_sedis","other",-0.528,0.026,-1.054,0.002,-0.333
"OTU45","Coleophoma","plant_associated",-0.535,0.127,-1.466,0.375,-0.183
"OTU93","Candida","plant_associated",-0.538,0.025,-1.083,0.001,-0.346
"OTU74",NA,"dark_unassigned",-0.543,0.011,-1.018,-0.067,-0.379
"OTU1416",NA,"dark_unassigned",-0.564,0.035,-1.167,0.039,-0.272
"OTU132",NA,"dark_unassigned",-0.566,0.021,-1.095,-0.016,-0.36
"OTU245",NA,"dark_unassigned",-0.571,0.016,-1.094,-0.041,-0.365
"OTU136","Candida","plant_associated",-0.575,0.16,-1.663,0.592,-0.173
"OTU1229",NA,"dark_unassigned",-0.585,0.003,-0.997,-0.166,-0.47
"OTU207","Microcyclospora","plant_associated",-0.62,0.016,-1.17,-0.059,-0.367
"OTU1300",NA,"dark_unassigned",-0.641,0.017,-1.233,-0.046,-0.355
"OTU1384","Myriangiales_gen_Incertae_sedis","other",-0.658,0.02,-1.296,-0.022,-0.347
"OTU604",NA,"dark_unassigned",-0.68,0.004,-1.178,-0.168,-0.441
"OTU192","Kabatiella","plant_associated",-0.692,0.016,-1.331,-0.069,-0.369
"OTU104",NA,"dark_unassigned",-0.714,0.012,-1.335,-0.102,-0.383
"OTU381",NA,"dark_unassigned",-0.716,0.013,-1.319,-0.103,-0.391
"OTU1370",NA,"dark_unassigned",-0.738,0.011,-1.355,-0.107,-0.39
"OTU1373","Antarctolichenia","other",-0.762,0.015,-1.437,-0.087,-0.374
"OTU1340",NA,"dark_unassigned",-0.78,0.012,-1.446,-0.088,-0.383
"OTU267","Malassezia","pathotroph",-0.808,0.004,-1.35,-0.245,-0.482
"OTU594","Taphrina","plant_associated",-0.812,0.002,-1.391,-0.215,-0.456
"OTU1365","Perusta","other",-0.879,0.007,-1.557,-0.161,-0.414
"OTU252",NA,"plant_associated",-0.915,0.06,-2.028,0.227,-0.269
"OTU1289","Dothideales_gen_Incertae_sedis","other",-0.98,0.01,-1.769,-0.159,-0.407
"OTU1239","Paraphaeomoniella","plant_associated",-0.994,0.008,-1.808,-0.176,-0.408
"OTU1242","Spirographa","pathotroph",-1.03,0.002,-1.713,-0.328,-0.473
"OTU788",NA,"dark_unassigned",-1.172,0.001,-1.975,-0.393,-0.494
"OTU827",NA,"dark_unassigned",-1.261,0.004,-2.206,-0.309,-0.436
"OTU911",NA,"dark_unassigned",-1.305,0.002,-2.159,-0.426,-0.495
"OTU715",NA,"dark_unassigned",-1.534,0.002,-2.433,-0.591,-0.548
"OTU1283",NA,"dark_unassigned",-1.537,0,-2.401,-0.652,-0.567
"OTU637",NA,"dark_unassigned",-1.584,0,-2.541,-0.636,-0.524
"OTU320",NA,"dark_unassigned",-1.661,0.003,-2.822,-0.489,-0.471
"OTU733","Psilolechiaceae_gen_Incertae_sedis","pathotroph",-1.706,0.001,-2.632,-0.731,-0.583
"OTU691",NA,"dark_unassigned",-2.368,0,-3.365,-1.319,-0.711
"OTU2","Myriangiales_gen_Incertae_sedis","other",-2.651,0,-3.814,-1.478,-0.724
"OTU1369",NA,"dark_unassigned",-4.731,0,-5.863,-3.535,-1.059
