"OTU_ID","Season","Year","Random: sample","Random: pcr","Genus","guild"
"OTU1",0.3986,0.0704,0.2697,0.2613,"Thelebolus","dung_saprotroph"
"OTU2",0.7326,0.0709,0.0865,0.11,"Myriangiales_gen_Incertae_sedis","other"
"OTU9",0.3314,0.3592,0.1865,0.1229,"Cladosporium","plant_associated"
"OTU14",0.1047,0.2883,0.3247,0.2823,NA,"dark_unassigned"
"OTU15",0.0056,0.0078,0.9182,0.0685,NA,"dark_unassigned"
"OTU19",0.1597,0.3934,0.1745,0.2723,"Malassezia","pathotroph"
"OTU21",0.3252,0.0676,0.534,0.0732,"Venturia","plant_associated"
"OTU22",0.0166,0.0423,0.2284,0.7127,NA,"dung_saprotroph"
"OTU26",0.0514,0.0592,0.279,0.6103,NA,"dark_unassigned"
"OTU27",0.0324,0.0142,0.8396,0.1137,NA,"dark_unassigned"
"OTU30",0.0213,0.0726,0.4741,0.432,NA,"dark_unassigned"
"OTU32",0.066,0.0539,0.1475,0.7325,"Phenoliferia","other"
"OTU38",0.0076,0.0036,0.9391,0.0496,"Spizellomycetales_gen_Incertae_sedis","other"
"OTU41",0.0598,0.0447,0.3756,0.5199,"Goffeauzyma","plant_associated"
"OTU43",0.0317,0.0397,0.4038,0.5249,NA,"dark_unassigned"
"OTU45",0.0781,0.1979,0.6567,0.0673,"Coleophoma","plant_associated"
"OTU46",0.1815,0.1594,0.2367,0.4224,NA,"dark_unassigned"
"OTU47",0.0226,0.0276,0.8454,0.1045,NA,"dark_unassigned"
"OTU51",0.2599,0.0641,0.6039,0.072,NA,"dark_unassigned"
"OTU55",0.0294,0.0239,0.8769,0.0698,"Venturia","plant_associated"
"OTU62",0.016,0.035,0.2535,0.6954,"Tausonia","other"
"OTU72",0.0952,0.1761,0.5616,0.1671,"Krasilnikovozyma","other"
"OTU74",0.383,0.1932,0.1743,0.2495,NA,"dark_unassigned"
"OTU80",0.0772,0.0573,0.292,0.5735,NA,"dark_unassigned"
"OTU90",0.0414,0.0496,0.6373,0.2717,NA,"plant_associated"
"OTU92",0.2543,0.1934,0.3665,0.1858,NA,"dung_saprotroph"
"OTU93",0.341,0.2087,0.1716,0.2787,"Candida","plant_associated"
"OTU97",0.0192,0.0433,0.8778,0.0597,NA,"dark_unassigned"
"OTU104",0.3714,0.1684,0.1279,0.3322,NA,"dark_unassigned"
"OTU108",0.0194,0.0158,0.9214,0.0434,"Coccomyces","plant_associated"
"OTU113",0.155,0.0975,0.5431,0.2043,NA,"pathotroph"
"OTU121",0.0604,0.1612,0.6537,0.1247,NA,"dark_unassigned"
"OTU132",0.3507,0.1191,0.162,0.3682,NA,"dark_unassigned"
"OTU136",0.2097,0.2264,0.2465,0.3174,"Candida","plant_associated"
"OTU137",0.0037,0.0061,0.9404,0.0498,NA,"dark_unassigned"
"OTU147",0.1194,0.2312,0.1862,0.4632,"Bryochiton","plant_associated"
"OTU150",0.05,0.0793,0.7292,0.1415,NA,"dark_unassigned"
"OTU153",0.0385,0.1031,0.7616,0.0968,NA,"dark_unassigned"
"OTU159",0.1834,0.3438,0.1994,0.2734,"Rhodotorula","plant_associated"
"OTU167",0.4014,0.1914,0.1452,0.262,NA,"dark_unassigned"
"OTU175",0.238,0.2838,0.3503,0.1279,"Mrakiaceae_gen_Incertae_sedis","other"
"OTU176",0.0907,0.1257,0.6633,0.1203,"Dothiora","other"
"OTU190",0.3359,0.2065,0.1502,0.3074,"Dothideales_gen_Incertae_sedis","other"
"OTU192",0.3552,0.1481,0.1582,0.3385,"Kabatiella","plant_associated"
"OTU194",0.1593,0.2729,0.2032,0.3647,"Trichoderma","plant_associated"
"OTU199",0.0596,0.0428,0.8227,0.0749,"Sympodiella","plant_associated"
"OTU207",0.342,0.2422,0.343,0.0728,"Microcyclospora","plant_associated"
"OTU209",0.1304,0.1301,0.4335,0.306,"Fellozyma","other"
"OTU213",0.0647,0.043,0.33,0.5623,"Thelebolus","dung_saprotroph"
"OTU216",0.236,0.2511,0.2555,0.2575,"Hypogymnia","other"
"OTU232",0.096,0.143,0.1719,0.5892,NA,"plant_associated"
"OTU245",0.3959,0.1522,0.1705,0.2813,NA,"dark_unassigned"
"OTU252",0.2767,0.2234,0.1496,0.3503,NA,"plant_associated"
"OTU253",0.0044,0.0034,0.9402,0.052,"Tylospora","other"
"OTU258",0.3494,0.0925,0.3611,0.1971,NA,"dark_unassigned"
"OTU265",0.3224,0.165,0.1849,0.3277,NA,"dark_unassigned"
"OTU267",0.5849,0.2091,0.1095,0.0965,"Malassezia","pathotroph"
"OTU272",0.1904,0.078,0.2656,0.466,NA,"dark_unassigned"
"OTU275",0.029,0.0603,0.4766,0.4341,NA,"dark_unassigned"
"OTU285",0.0818,0.1157,0.6566,0.1459,"Dioszegia","plant_associated"
"OTU290",0.1747,0.1831,0.2663,0.3759,NA,"dark_unassigned"
"OTU291",0.2815,0.2864,0.3151,0.117,NA,"other"
"OTU295",0.0037,0.0046,0.9366,0.0551,NA,"dark_unassigned"
"OTU300",0.1298,0.1617,0.4191,0.2894,"Phaeotremella","pathotroph"
"OTU305",0.0049,0.0074,0.9426,0.0451,"Sistotrema","plant_associated"
"OTU320",0.4183,0.1053,0.3761,0.1002,NA,"dark_unassigned"
"OTU323",0.0784,0.1177,0.2708,0.5331,NA,"dark_unassigned"
"OTU337",0.2475,0.1721,0.161,0.4194,"Melanohalea","other"
"OTU340",0.0463,0.1079,0.3974,0.4484,"Cladosporium","plant_associated"
"OTU356",0.0625,0.19,0.3884,0.3591,"Godronia","plant_associated"
"OTU357",0.3751,0.2073,0.2118,0.2057,NA,"dark_unassigned"
"OTU367",0.0677,0.1588,0.6102,0.1633,"Itersonilia","plant_associated"
"OTU373",0.063,0.1422,0.6905,0.1043,NA,"dark_unassigned"
"OTU381",0.3735,0.1931,0.182,0.2514,NA,"dark_unassigned"
"OTU383",0.0492,0.056,0.4582,0.4366,NA,"dark_unassigned"
"OTU392",0.0179,0.0178,0.9236,0.0407,"Pycnora","other"
"OTU400",0.2591,0.0762,0.5743,0.0904,"Phenoliferia","other"
"OTU409",0.207,0.0674,0.214,0.5116,"Solicoccozyma","plant_associated"
"OTU419",0.3032,0.0891,0.4172,0.1905,NA,"dark_unassigned"
"OTU420",0.0179,0.0287,0.912,0.0415,NA,"other"
"OTU429",0.0922,0.1622,0.1565,0.5892,"Cladophialophora","plant_associated"
"OTU430",0.1337,0.2608,0.3103,0.2953,"Sporormiella","dung_saprotroph"
"OTU431",0.1368,0.0694,0.4599,0.3339,NA,"plant_associated"
"OTU441",0.0174,0.0087,0.8979,0.076,"Venturia","plant_associated"
"OTU445",0.0816,0.1701,0.4144,0.3339,NA,"dark_unassigned"
"OTU457",0.2186,0.2477,0.1509,0.3828,"Penicillium","dung_saprotroph"
"OTU475",0.0518,0.1033,0.5632,0.2817,NA,"dark_unassigned"
"OTU478",0.0026,0.0054,0.9374,0.0546,NA,"dark_unassigned"
"OTU483",0.1856,0.0727,0.5816,0.1601,NA,"plant_associated"
"OTU502",0.0399,0.071,0.8113,0.0778,"Parmelia","other"
"OTU509",0.0372,0.1426,0.3767,0.4435,"Teunia","plant_associated"
"OTU519",0.0908,0.1404,0.6181,0.1507,"Yunzhangia","other"
"OTU523",0.0762,0.1435,0.3933,0.387,NA,"plant_associated"
"OTU527",0.0448,0.0986,0.2925,0.5641,"Piskurozyma","other"
"OTU537",0.4334,0.1851,0.2287,0.1528,NA,"pathotroph"
"OTU538",0.0312,0.0626,0.8131,0.093,"Piskurozyma","other"
"OTU542",0.0248,0.076,0.8359,0.0633,"Exobasidium","plant_associated"
"OTU549",0.0406,0.053,0.8281,0.0783,NA,"dark_unassigned"
"OTU552",0.0236,0.0246,0.8872,0.0646,NA,"dark_unassigned"
"OTU554",0.1054,0.0835,0.655,0.1561,"Exobasidium","plant_associated"
"OTU564",0.1797,0.1241,0.182,0.5142,NA,"dark_unassigned"
"OTU573",0.0223,0.0256,0.895,0.0571,"Exobasidium","plant_associated"
"OTU589",0.0044,0.0065,0.9004,0.0887,NA,"dark_unassigned"
"OTU591",0.0462,0.0809,0.7712,0.1018,NA,"pathotroph"
"OTU594",0.4493,0.2303,0.1593,0.1611,"Taphrina","plant_associated"
"OTU604",0.5145,0.1211,0.1329,0.2315,NA,"dark_unassigned"
"OTU618",0.1545,0.0604,0.4438,0.3414,"Piskurozyma","other"
"OTU624",0.0843,0.0797,0.3984,0.4376,"Parasola","other"
"OTU626",0.0972,0.0461,0.4056,0.4511,"Piskurozyma","other"
"OTU628",0.1112,0.1917,0.4687,0.2285,"Frutidella","other"
"OTU632",0.1393,0.0885,0.3508,0.4214,"Parmeliopsis","other"
"OTU636",0.7207,0.1054,0.0586,0.1153,"Sporormiella","dung_saprotroph"
"OTU637",0.4137,0.125,0.1018,0.3595,NA,"dark_unassigned"
"OTU638",0.1432,0.1887,0.4899,0.1781,"Vishniacozyma","other"
"OTU640",0.0412,0.1013,0.3249,0.5326,NA,"dark_unassigned"
"OTU651",0.2148,0.1037,0.6069,0.0745,NA,"dark_unassigned"
"OTU653",0.1602,0.1176,0.5163,0.2059,"Ceratobasidium","plant_associated"
"OTU661",0.0426,0.0802,0.4152,0.462,"Piskurozyma","other"
"OTU672",0.0363,0.0465,0.7612,0.1559,NA,"dark_unassigned"
"OTU676",0.0708,0.1422,0.5175,0.2694,"Piskurozyma","other"
"OTU683",0.059,0.213,0.6231,0.1049,"Colacogloea","pathotroph"
"OTU691",0.6365,0.0722,0.0788,0.2124,NA,"dark_unassigned"
"OTU715",0.5229,0.1503,0.095,0.2318,NA,"dark_unassigned"
"OTU718",0.0283,0.0946,0.5005,0.3767,"Saccothecium","other"
"OTU733",0.5995,0.093,0.0893,0.2182,"Psilolechiaceae_gen_Incertae_sedis","pathotroph"
"OTU749",0.045,0.0231,0.3552,0.5767,"Piskurozyma","other"
"OTU758",0.072,0.0462,0.83,0.0518,"Meristemomyces","plant_associated"
"OTU776",0.0749,0.1226,0.4151,0.3874,"Piskurozyma","other"
"OTU788",0.4758,0.2239,0.112,0.1884,NA,"dark_unassigned"
"OTU807",0.0061,0.009,0.9115,0.0733,NA,"dark_unassigned"
"OTU827",0.3978,0.1916,0.1238,0.2868,NA,"dark_unassigned"
"OTU829",0.0895,0.0828,0.3628,0.4649,NA,"other"
"OTU846",0.0191,0.0336,0.326,0.6213,"Pseudohyphozyma","other"
"OTU874",0.1379,0.0561,0.2124,0.5935,NA,"dark_unassigned"
"OTU911",0.4986,0.1658,0.1015,0.2341,NA,"dark_unassigned"
"OTU1024",0.108,0.0964,0.5628,0.2327,NA,"dark_unassigned"
"OTU1026",0.0309,0.0546,0.8909,0.0236,NA,"dark_unassigned"
"OTU1046",0.3608,0.2096,0.2872,0.1424,NA,"dark_unassigned"
"OTU1063",0.0178,0.0283,0.9055,0.0483,"Platismatia","other"
"OTU1066",0.1276,0.1049,0.2966,0.4709,NA,"dark_unassigned"
"OTU1153",0.1431,0.242,0.4883,0.1267,"Piskurozyma","other"
"OTU1183",0.4475,0.03,0.1415,0.381,"Phenoliferia","other"
"OTU1206",0.1235,0.3867,0.1826,0.3072,"Sporormiella","dung_saprotroph"
"OTU1213",0.1013,0.1761,0.4452,0.2774,"Phenoliferia","other"
"OTU1214",0.2064,0.2807,0.4117,0.1012,"Pseudoleucosporidium","other"
"OTU1215",0.2837,0.1401,0.1678,0.4085,NA,"pathotroph"
"OTU1216",0.1473,0.1167,0.6023,0.1337,"Ceratobasidium","plant_associated"
"OTU1223",0.0071,0.0086,0.9135,0.0708,"Meristemomyces","plant_associated"
"OTU1225",0.2997,0.0924,0.1857,0.4223,"Coniochaeta","dung_saprotroph"
"OTU1226",0.4005,0.0414,0.0874,0.4707,"Phenoliferia","other"
"OTU1227",0.0897,0.0795,0.3937,0.4372,"Phaeotremella","pathotroph"
"OTU1229",0.4804,0.1189,0.1361,0.2646,NA,"dark_unassigned"
"OTU1230",0.1399,0.2678,0.3858,0.2065,"Sporormiella","dung_saprotroph"
"OTU1231",0.1364,0.3818,0.4158,0.0659,"Coleophoma","plant_associated"
"OTU1234",0.4944,0.0944,0.1962,0.215,"Mrakia","other"
"OTU1237",0.2481,0.1627,0.2807,0.3085,NA,"dark_unassigned"
"OTU1239",0.3911,0.118,0.1427,0.3482,"Paraphaeomoniella","plant_associated"
"OTU1242",0.4895,0.1517,0.1482,0.2105,"Spirographa","pathotroph"
"OTU1245",0.1589,0.1216,0.1953,0.5242,NA,"dark_unassigned"
"OTU1248",0.1143,0.0995,0.7377,0.0485,"Neophaeomoniella","plant_associated"
"OTU1250",0.3794,0.1887,0.1134,0.3185,"Vishniacozyma","other"
"OTU1257",0.2614,0.1001,0.5748,0.0636,"Piskurozyma","other"
"OTU1261",0.0098,0.0089,0.9199,0.0614,NA,"dark_unassigned"
"OTU1265",0.0215,0.0387,0.8774,0.0624,NA,"dark_unassigned"
"OTU1267",0.1829,0.0557,0.6844,0.077,NA,"dark_unassigned"
"OTU1271",0.0733,0.1546,0.2871,0.485,"Aureobasidium","plant_associated"
"OTU1272",0.0931,0.0769,0.6409,0.189,"Epibryon","plant_associated"
"OTU1273",0.0474,0.1159,0.6552,0.1815,"Piskurozyma","other"
"OTU1275",0.0933,0.1247,0.1878,0.5941,"Bergerella","pathotroph"
"OTU1276",0.3459,0.2276,0.133,0.2935,NA,"dark_unassigned"
"OTU1277",0.0368,0.0458,0.386,0.5314,"Piskurozyma","other"
"OTU1279",0.1484,0.1711,0.48,0.2005,NA,"dark_unassigned"
"OTU1280",0.0382,0.0504,0.4901,0.4212,"Piskurozyma","other"
"OTU1283",0.6043,0.0907,0.1023,0.2026,NA,"dark_unassigned"
"OTU1288",0.0345,0.078,0.1703,0.7172,"Piskurozyma","other"
"OTU1289",0.3382,0.1553,0.1189,0.3876,"Dothideales_gen_Incertae_sedis","other"
"OTU1298",0.1142,0.1894,0.4709,0.2255,"Parmeliopsis","other"
"OTU1300",0.3904,0.2055,0.1492,0.2549,NA,"dark_unassigned"
"OTU1301",0.139,0.0789,0.7263,0.0558,NA,"dark_unassigned"
"OTU1305",0.2324,0.1581,0.2801,0.3294,NA,"dung_saprotroph"
"OTU1306",0.1535,0.1147,0.6276,0.1042,"Stipitochalara","other"
"OTU1307",0.2996,0.1428,0.1726,0.3849,NA,"dark_unassigned"
"OTU1316",0.0298,0.0257,0.2339,0.7107,"Piskurozyma","other"
"OTU1317",0.2111,0.3144,0.2891,0.1854,NA,"dark_unassigned"
"OTU1320",0.2902,0.1692,0.3341,0.2064,NA,"dung_saprotroph"
"OTU1322",0.1775,0.3428,0.3567,0.1229,"Heterocephalacria","pathotroph"
"OTU1328",0.0752,0.0604,0.2806,0.5838,NA,"other"
"OTU1329",0.1316,0.2203,0.512,0.1361,"Mucor","other"
"OTU1330",0.1735,0.2152,0.1808,0.4305,NA,"plant_associated"
"OTU1336",0.2564,0.1544,0.2602,0.3289,NA,"dung_saprotroph"
"OTU1337",0.1922,0.0796,0.4199,0.3083,"Calycellina","plant_associated"
"OTU1340",0.3954,0.1449,0.1532,0.3065,NA,"dark_unassigned"
"OTU1342",0.086,0.2134,0.2549,0.4457,"Piskurozyma","other"
"OTU1345",0.2734,0.2626,0.2674,0.1966,NA,"dark_unassigned"
"OTU1353",0.0066,0.0035,0.9392,0.0506,"Sistotrema","plant_associated"
"OTU1357",0.0246,0.0484,0.7452,0.1819,NA,"pathotroph"
"OTU1359",0.0611,0.0677,0.7947,0.0766,NA,"dark_unassigned"
"OTU1360",0.1019,0.0967,0.6484,0.1529,"Filobasidiales_gen_Incertae_sedis","other"
"OTU1362",0.0594,0.1057,0.4221,0.4128,"Bannozyma","other"
"OTU1364",0.1158,0.1885,0.297,0.3987,"Piskurozyma","other"
"OTU1365",0.5132,0.1614,0.1643,0.161,"Perusta","other"
"OTU1366",0.0319,0.0411,0.3856,0.5413,"Vishniacozyma","other"
"OTU1369",0.6982,0.1282,0.0438,0.1297,NA,"dark_unassigned"
"OTU1370",0.4189,0.1479,0.141,0.2922,NA,"dark_unassigned"
"OTU1373",0.3836,0.1853,0.1624,0.2687,"Antarctolichenia","other"
"OTU1376",0.0424,0.0239,0.3343,0.5993,"Phaeotremella","pathotroph"
"OTU1384",0.3873,0.1376,0.1758,0.2993,"Myriangiales_gen_Incertae_sedis","other"
"OTU1388",0.082,0.1726,0.3962,0.3492,"Pseudohyphozyma","other"
"OTU1390",0.1324,0.1396,0.3587,0.3693,"Mrakia","other"
"OTU1392",0.0699,0.0735,0.4867,0.3699,"Bannozyma","other"
"OTU1396",0.261,0.2567,0.2721,0.2101,"Venturia","plant_associated"
"OTU1400",0.0043,0.0055,0.938,0.0522,NA,"dark_unassigned"
"OTU1410",0.0161,0.0098,0.9233,0.0508,"Venturia","plant_associated"
"OTU1412",0.0384,0.0545,0.6579,0.2492,"Piskurozyma","other"
"OTU1416",0.0753,0.0783,0.765,0.0814,NA,"dark_unassigned"
"OTU1421",0.1068,0.18,0.2084,0.5048,"Sistotrema","plant_associated"
"OTU1424",0.054,0.0943,0.4257,0.426,"Lophium","plant_associated"
"OTU1427",0.0368,0.1544,0.1923,0.6166,NA,"dark_unassigned"
"OTU1432",0.0226,0.0299,0.9223,0.0252,NA,"plant_associated"
"OTU1449",0.1544,0.176,0.3394,0.3302,NA,"dark_unassigned"
"OTU1450",0.1069,0.0837,0.1916,0.6178,"Ascocoryne","other"
"OTU1452",0.3816,0.3826,0.1257,0.1101,NA,"dung_saprotroph"
"OTU1453",0.1189,0.1471,0.5745,0.1595,"Piskurozyma","other"
"OTU1455",0.0067,0.0037,0.9394,0.0503,NA,"dark_unassigned"
"OTU1457",0.1382,0.3058,0.4202,0.1358,NA,"pathotroph"
"OTU1463",0.0981,0.1154,0.6611,0.1253,"Piskurozyma","other"
