"sample","Season","Year","richness","richness_observed_raw","top1_prop","pielou_J","evenness_size_std"
"S_1_1_P2_1C","summer",2024,9.29882806819742,12,0.385046008227941,0.690661758134781,0.769486445995592
"S_1_2_P1_8D","summer",2024,41.9665767390085,69,0.852782393290363,0.17718134996415,0.200110786004563
"S_1_3_P2_1D","summer",2024,6.25001350027818,8,0.369943654169715,0.677297989016584,0.768407385390052
"S_1_4_P1_1B","summer",2024,54.608432944446,106,0.785504261802021,0.213034405062996,0.247532187612131
"S_1_5_P2_1E","summer",2024,36.1036463480401,44,0.33371201998273,0.632361340969332,0.666820249104728
"S_1_6_P1_1C","summer",2024,30.1449462428427,37,0.892743597291728,0.157717372165484,0.166834060053992
"S_1_7_P1_8E","summer",2024,164.742288189456,176,0.103180344124125,0.759349861325776,0.7678445889941
"S_1_9_P2_1F","summer",2024,30.3309007844734,37,0.100516906348528,0.819716452425078,0.867086014354991
"S_2_1_P1_1E","summer",2023,26.1838835940015,80,0.846011422359287,0.131905738049528,0.176360755016101
"S_2_10_P1_2E","summer",2023,35.6206064344251,73,0.903752197679251,0.112721013057939,0.134751114389465
"S_2_2_P1_8G","summer",2023,37.4997802648812,47,0.334593533001333,0.403866934108497,0.428568661069536
"S_2_3_P1_1F","summer",2023,71.7499448981664,127,0.411787467404946,0.392629084671593,0.444141634504169
"S_2_4_P1_1G","summer",2023,64.2694683004152,99,0.411292766338148,0.389552964510839,0.429141802356662
"S_2_5_P1_1H","summer",2023,109.298640947107,206,0.232373125030765,0.472594091193551,0.534934188985095
"S_2_6_P1_2D","summer",2023,71.843567435033,121,0.523012011423713,0.396076273266048,0.443448471962647
"S_2_7_P1_8H","summer",2023,32.6835842219946,48,0.545777407921243,0.317611417990373,0.352145570114488
"S_2_8_P1_9A","summer",2023,27.0109624101713,29,0.662016009124794,0.403586516385872,0.411978003425762
"S_3_10_P1_9G","summer",2022,92.9232470222985,106,0.364491364310111,0.577506102763676,0.593399810409067
"S_3_2_P1_9B","summer",2022,122.839171938668,136,0.394393146989546,0.534833612618382,0.545056952581589
"S_3_3_P1_3A","summer",2022,29.3670165598893,76,0.65963759283228,0.211142957360939,0.269902941467075
"S_3_4_P2_1H","summer",2022,11.8165333648176,37,0.958942493966333,0.0666409835553345,0.0971159667228009
"S_3_5_P1_9C","summer",2022,35.5166790090302,49,0.924878718343654,0.104353293958196,0.113264963098905
"S_3_6_P1_3B","summer",2022,13.318770898251,22,0.544181517607744,0.362265516642573,0.43222105216365
"S_3_7_P2_2D","summer",2022,3,3,0.999207292905272,0.00635881072108738,0.00635881072108742
"S_3_8_P1_3G","summer",2022,25.2388273422512,34,0.641159188953028,0.29182365959088,0.318383829620821
"S_3_9_P1_3H","summer",2022,71.5292455360311,82,0.4784346236422,0.449052354060996,0.462735213536559
"W_1_1_P1_10A","winter",2024,19.9722864244972,20,0.28820614469772,0.746170482493153,0.746473265699359
"W_1_10_P2_2E","winter",2024,27.2663667867725,34,0.113818634604828,0.829355816191171,0.884378605668701
"W_1_2_P1_10B","winter",2024,56.9999702259751,57,0.225065469509914,0.821734346207902,0.821443255765784
"W_1_5_P1_11A","winter",2024,110.37137992322,115,0.114338311913859,0.84844916899205,0.854975103049696
"W_1_7_P1_11C","winter",2024,34.5456766602221,35,0.227019112817063,0.763561930355988,0.766087662105473
"W_1_8_P1_11D","winter",2024,38.7254983827183,39,0.154933751005376,0.824412764044926,0.825809368197917
"W_1_9_P1_11E","winter",2024,43.227724303342,45,0.309548821548822,0.69020976492103,0.697252257370347
"W_2_1_P2_2F","winter",2023,31.0502312318738,42,0.292045882365132,0.751440749849296,0.817107805371643
"W_2_10_P2_3H","winter",2023,23.7482345826176,34,0.341971753033782,0.612378281963145,0.681372564069817
"W_2_2_P1_12A","winter",2023,14.9999999999383,15,0.180082256169213,0.908450524525159,0.908435408285692
"W_2_3_P2_2G","winter",2023,23.0015132113618,28,0.18300915592402,0.777000285503786,0.82543259322175
"W_2_4_P2_2H","winter",2023,48.8812947500784,59,0.158919525752307,0.734608569937308,0.769608797953029
"W_2_5_P2_3A","winter",2023,18.9296349763092,28,0.150429017948622,0.709537240332886,0.803679338962539
"W_2_6_P2_3B","winter",2023,24.3654695158152,26,0.227824345854086,0.81566627071231,0.831958424135169
"W_2_7_P2_3F","winter",2023,25.0720968487868,33,0.259472393549825,0.740610174593198,0.803424840753767
"W_2_9_P2_3G","winter",2023,22.3914103595277,26,0.420135089873842,0.639832167583038,0.670298934486467
"W_3_1_P2_4F","winter",2022,11.3116398670202,16,0.41765702147204,0.408188403967751,0.466318249023578
"W_3_10_P2_5H","winter",2022,26.4410623962919,34,0.159048548469343,0.742922310204738,0.799599057324847
"W_3_2_P1_4A","winter",2022,14.218942763504,18,0.649643413163968,0.289962591010031,0.315479760457615
"W_3_3_P2_4G","winter",2022,35.9096455891156,38,0.306032171581769,0.682565725681881,0.692956191927141
"W_3_4_P2_4H","winter",2022,32.6086323982475,36,0.129963273417462,0.8629351711932,0.887063718132968
"W_3_5_P1_12C","winter",2022,44.3112659096674,47,0.4130423145893,0.559548209251187,0.567789901909225
"W_3_6_P2_5A","winter",2022,42.5645245548085,46,0.0930012093857167,0.86013634056704,0.877482037650759
"W_3_7_P2_5B","winter",2022,15.4166715022348,17,0.20377095549375,0.789361693557918,0.817359601722737
"W_3_8_P2_5C","winter",2022,11.6459038242359,14,0.201520708086424,0.76401750652708,0.821127915800854
"W_3_9_P2_5G","winter",2022,16.0052949783753,21,0.38508003001641,0.545954615627049,0.599170178215072
